id,date,steps,distance,calories,very_active_distance
4,2016-04-27,4948,3.242,281,0.046
4,2016-04-28,16573,12.06,751,0.079
4,2016-04-29,18002,12.916,737,0.029
4,2016-04-30,4126,2.981,207,0.011
4,2016-05-01,3869,2.651,244,0
4,2016-05-02,10004,7.33,426,0
4,2016-05-03,14565,11.022,616,0.055
4,2016-05-04,6295,4.341,315,0
4,2016-05-05,12424,10.207,587,2.968
4,2016-05-06,7964,5.736,345,0.209
4,2016-05-07,9518,7.071,456,0
4,2016-05-08,4088,3.119,197,0
4,2016-05-09,1958,1.266,134,0
4,2016-05-10,4534,2.974,270,0.048
4,2016-05-11,2569,1.661,198,0
4,2016-05-12,10398,7.728,500,0.064
4,2016-05-13,4276,2.809,251,0
4,2016-05-14,4591,3.314,264,0
4,2016-05-15,3164,2.094,190,0
4,2016-05-16,5880,4.415,253,0.046
4,2016-05-17,2499,1.615,135,0
4,2016-05-18,7824,5.584,387,0.065
4,2016-05-19,9053,6.697,431,0.018
4,2016-05-20,12367,8.56,614,0.11
4,2016-05-21,11307,8.25,454,0
4,2016-05-22,1531,0.99,119,0
4,2016-05-23,2585,1.671,165,0
4,2016-05-24,12141,8.997,529,0.106
4,2016-05-25,9159,6.433,455,0.399
4,2016-05-26,15682,11.175,667,0.133
4,2016-05-27,16859,11.675,698,0.698
4,2016-05-28,1480,0.957,108,0
4,2016-05-29,19521,13.842,805,0.043
4,2016-05-30,4950,3.603,214,0
4,2016-05-31,3575,2.313,239,0
4,2016-06-01,11677,8.641,535,0
4,2016-06-02,3755,2.918,187,0
4,2016-06-03,5117,3.402,245,0.049
4,2016-06-04,5896,3.947,311,0
4,2016-06-05,3294,2.129,205,0
4,2016-06-06,7644,5.372,366,0
4,2016-06-07,9196,6.306,434,0
4,2016-06-08,11668,8.231,482,0
4,2016-06-09,4698,3.037,290,0.019
4,2016-06-10,13407,9.34,631,0.058
4,2016-06-11,10886,7.569,491,0.137
4,2016-06-12,3912,2.529,248,0.022
4,2016-06-13,9188,6.839,381,0
4,2016-06-14,5231,3.502,280,0.107
4,2016-06-15,13878,10.191,603,0.082
4,2016-06-16,11051,7.398,483,0.011
4,2016-06-17,8004,5.495,412,0.11
4,2016-06-18,30386,21.052,1104,0.567
4,2016-06-19,37375,26.057,1333,0.277
4,2016-06-20,26579,18.86,1015,0.24
4,2016-06-21,29694,21.19,1114,0.122
4,2016-06-22,23866,16.846,861,0.18
4,2016-06-23,30013,21.454,1051,0
4,2016-06-24,21101,14.76,889,0.053
4,2016-06-25,22026,15.974,855,2.31
4,2016-06-26,1895,1.225,133,0
4,2016-06-27,7038,4.929,418,0.119
4,2016-06-28,13270,9.506,608,0.079
4,2016-06-29,9896,6.819,456,0.106
4,2016-06-30,13112,8.948,590,0.66
4,2016-07-01,15140,10.834,647,0.168
4,2016-07-02,2522,1.63,204,0
4,2016-07-03,10103,7.013,466,0.113
4,2016-07-04,20349,14.639,796,0.888
4,2016-07-05,9983,7.257,442,0.269
4,2016-07-06,20540,14.902,799,0.371
4,2016-07-07,7053,5.149,352,0.581
4,2016-07-08,4499,2.98,229,0
4,2016-07-09,5678,4.233,293,0.057
4,2016-07-10,11777,8.557,464,0.058
4,2016-07-11,3154,2.159,206,0.055
4,2016-07-12,20699,14.186,778,0.081
4,2016-07-13,16828,11.917,705,0.065
4,2016-07-14,14564,10.617,629,0.046
4,2016-07-15,27465,19.75,1168,0.205
4,2016-07-16,7126,5.318,345,0
4,2016-07-17,3530,2.424,222,0
4,2016-07-18,19395,13.484,893,0.749
4,2016-07-19,22027,16.025,932,0.285
4,2016-07-20,14825,10.5,618,0.128
4,2016-07-21,28426,20.409,1151,1.177
4,2016-07-22,21696,15.552,918,0.444
4,2016-07-23,821,0.531,80,0
4,2016-07-24,11925,8.904,533,0.049
4,2016-07-25,19729,13.917,855,0.377
4,2016-07-26,24865,17.352,1024,0.578
4,2016-07-27,17319,12.215,817,0.355
4,2016-07-28,22108,15.701,938,0.203
4,2016-07-29,27582,19.79,1122,0.276
4,2016-07-30,13132,9.147,589,0.083
4,2016-07-31,16795,11.847,652,0.109
4,2016-08-01,27038,19.214,1160,0.194
4,2016-08-02,14171,9.976,585,0.171
4,2016-08-03,11759,8.512,515,0.447
4,2016-08-04,22070,15.257,940,0.508
4,2016-08-05,14260,10.77,628,0.244
4,2016-08-06,11559,7.93,563,0.11
4,2016-08-07,12764,8.931,496,0.033
4,2016-08-08,27581,19.889,1171,2.122
4,2016-08-09,26044,18.875,1055,0.642
4,2016-08-10,12709,9.274,550,0.097
4,2016-08-11,12728,8.866,527,0.435
4,2016-08-12,20143,14.325,857,0.53
4,2016-08-13,8596,5.886,412,0.034
4,2016-08-14,8501,6.015,421,0.022
4,2016-08-15,14931,11.065,676,0.463
4,2016-08-16,11955,8.657,524,0.471
4,2016-08-17,17636,12.686,765,0.658
4,2016-08-18,15932,11.402,732,0.415
4,2016-08-19,18123,12.706,778,0.522
4,2016-08-20,5026,3.751,222,0
4,2016-08-21,9142,6.742,469,0
4,2016-08-22,19683,13.857,852,0.226
4,2016-08-23,21144,14.729,855,0.857
4,2016-08-24,15255,10.72,749,0.333
4,2016-08-25,18885,13.489,860,0.636
4,2016-08-26,12161,7.894,613,0.278
4,2016-08-27,3785,2.5,240,0
4,2016-08-28,2500,1.643,178,0.068
4,2016-08-29,13106,9.558,578,0.503
4,2016-08-30,12277,9.246,523,0.433
4,2016-08-31,11645,8.758,495,0.697
4,2016-09-01,16011,11.113,790,0.278
4,2016-09-02,21420,16.047,946,0.113
4,2016-09-11,12045,9.011,553,0.393
4,2016-09-12,15082,11.275,679,0.7
4,2016-09-13,21065,15.026,881,1.418
4,2016-09-14,12903,9.436,548,1.76
4,2016-09-15,28063,20.747,1197,0.584
4,2016-09-16,19197,14.346,811,0.128
4,2016-09-17,12004,8.64,544,0.372
4,2016-09-18,8219,5.74,416,0.778
4,2016-09-19,19781,14.387,833,2.499
4,2016-09-20,27085,19.665,1067,2.344
4,2016-09-21,30265,21.63,1311,2.662
4,2016-09-22,14753,10.554,652,1.575
4,2016-09-23,11071,7.738,575,1.723
4,2016-09-24,1244,0.804,102,0
4,2016-09-25,17736,12.438,790,0.754
4,2016-09-26,26795,20.174,1124,0.475
4,2016-09-27,13561,10.107,622,0.738
4,2016-09-28,16191,11.283,806,0.31
4,2016-09-29,18566,13.08,892,1.284
4,2016-09-30,14748,10.758,646,1.452
4,2016-10-01,7404,5.374,358,0.145
4,2016-10-02,145,0.094,7,0
4,2016-10-09,10575,7.929,403,0.311
4,2016-10-10,15274,11.166,651,4.765
4,2016-10-11,15986,11.509,721,1.616
4,2016-10-12,23345,16.446,1060,1.348
4,2016-10-13,23901,16.759,1062,2.219
4,2016-10-14,15237,11.413,605,0.846
4,2016-10-15,4352,3.278,231,0.041
4,2016-10-16,5291,3.518,333,0.234
4,2016-10-17,8547,6.132,377,0.957
4,2016-10-18,17119,12.351,800,0.169
4,2016-10-19,25874,18.919,1141,0.31
4,2016-10-20,21677,15.214,990,1.035
4,2016-10-21,22065,16.156,921,1.547
4,2016-10-22,6318,4.711,315,0.057
4,2016-10-23,17824,13.232,678,0.083
4,2016-10-24,14187,10.112,343,2.132
4,2016-10-25,18272,12.947,439,0.793
4,2016-10-26,15063,11.494,413,0.296
4,2016-10-27,12390,9.318,328,0.523
4,2016-10-28,14532,10.579,362,1.478
4,2016-10-29,11376,7.955,281,1.894
4,2016-10-30,14737,10.94,360,0.173
4,2016-10-31,13436,9.982,359,1.191
4,2016-11-01,30190,22.446,753,1.763
4,2016-11-02,16513,12.126,412,1.074
4,2016-11-03,19682,14.068,466,0.64
4,2016-11-04,2207,1.427,61,0
4,2016-11-05,3443,2.225,93,0
4,2016-11-06,9662,7.195,248,0.17
4,2016-11-07,13192,9.757,340,1.242
4,2016-11-08,18606,13.315,450,1.349
4,2016-11-09,17586,13.037,455,0.838
4,2016-11-10,21344,15.312,509,1.995
4,2016-11-11,16311,11.851,417,1.304
4,2016-11-12,9921,7.326,267,1.359
4,2016-11-13,6737,4.961,187,0.266
4,2016-11-14,13734,10.222,356,0.385
4,2016-11-15,11587,8.409,295,1.856
4,2016-11-16,12303,8.881,298,2.142
4,2016-11-17,15141,10.504,353,0.948
4,2016-11-18,11619,8.564,293,0.079
4,2016-11-19,17816,13.346,436,0.198
4,2016-11-20,4327,3.069,108,0.415
4,2016-11-21,14434,10.803,373,0.515
4,2016-11-22,12083,8.972,313,0.282
4,2016-11-23,23947,17.5,602,6.134
4,2016-11-24,19426,13.863,467,1.949
4,2016-11-25,8535,6.323,226,0.353
4,2016-11-26,12832,9.357,324,1.096
4,2016-11-27,1240,0.802,39,0
4,2016-11-28,12886,9.291,336,2.872
4,2016-11-29,15865,11.395,394,4.338
4,2016-11-30,10835,7.151,232,0.177
4,2016-12-01,10000,7.076,248,2.384
4,2016-12-02,22077,16.118,565,6.087
4,2016-12-03,10512,7.575,263,2.097
4,2016-12-04,3333,2.291,88,0.07
4,2016-12-05,17520,12.353,416,2.353
4,2016-12-06,14459,10.492,350,0.944
4,2016-12-07,20565,15.305,506,0.853
4,2016-12-08,24919,18.342,606,0.336
4,2016-12-09,13301,9.34,304,0.51
4,2016-12-10,11995,8.053,270,0.391
4,2016-12-11,4267,2.782,111,0.086
4,2016-12-12,13909,9.262,291,0.358
4,2016-12-13,9744,7.005,244,0.514
4,2016-12-14,18838,13.601,464,0.889
4,2016-12-15,13645,9.984,340,1.534
4,2016-12-16,22452,15.995,528,2.34
4,2016-12-17,10979,7.878,264,1.262
4,2016-12-18,19452,14.814,495,0
4,2016-12-19,13637,9.741,344,2.87
4,2016-12-20,27032,19.965,657,0.951
4,2016-12-21,20437,14.434,482,1.647
4,2016-12-22,12226,8.799,292,0.677
4,2016-12-23,21049,15.788,532,1.184
4,2016-12-24,12603,9.173,309,0.9
4,2016-12-25,2753,1.895,75,0.047
4,2016-12-26,15457,10.82,352,1.769
4,2016-12-27,20188,14.165,455,1.51
4,2016-12-28,11157,8.228,285,0.707
4,2016-12-29,13039,9.461,310,1.333
4,2016-12-30,16310,11.83,418,4.583
4,2016-12-31,6426,4.465,153,0.349
4,2017-01-01,805,0.52,23,0
4,2017-01-02,828,0.535,26,0
4,2017-01-03,22320,16.416,570,3.508
4,2017-01-04,17713,11.524,339,0.046
4,2017-01-05,6207,4.515,164,0.224
4,2017-01-06,1516,0.98,46,0
4,2017-01-07,11295,8.629,313,0.595
4,2017-01-08,10440,7.407,252,1.935
4,2017-01-09,14209,10.29,351,2.195
4,2017-01-10,11725,8.621,303,0.606
4,2017-01-11,20166,14.429,502,3.719
4,2017-01-12,23969,17.019,558,3.236
4,2017-01-13,13294,9.576,327,1.157
4,2017-01-14,10972,7.93,281,1.804
4,2017-01-15,14802,10.841,359,1.072
4,2017-01-16,23473,17.31,579,0.859
4,2017-01-17,14445,10.497,350,0.23
4,2017-01-18,16882,11.759,379,0.172
4,2017-01-19,13698,9.166,299,0.856
4,2017-01-20,17057,12.219,404,0.808
4,2017-01-21,3429,2.396,94,0.437
4,2017-01-22,3269,2.122,88,0.042
4,2017-01-23,13387,9.284,307,0.43
4,2017-01-24,13882,9.397,305,1.228
4,2017-01-25,5230,3.42,119,0.099
4,2017-02-02,55,0.036,2,0
4,2017-02-03,5912,4.146,143,0.183
4,2017-02-04,834,0.539,25,0
4,2017-02-05,5984,4.231,146,0.259
4,2017-02-06,9029,6.495,229,0.789
4,2017-02-07,11806,8.605,293,0.783
4,2017-02-08,10917,7.834,265,0.891
4,2017-02-09,9390,7.169,255,0.113
4,2017-02-10,7200,5.045,174,0.924
4,2017-02-11,19223,13.597,438,1.732
4,2017-02-12,3540,2.43,87,0.051
4,2017-02-13,36318,26.544,829,0.7
4,2017-02-14,26012,18.415,565,0.134
4,2017-02-15,21264,15.176,479,0.654
4,2017-02-16,21099,15.291,499,1.183
4,2017-02-17,17218,12.16,373,0.088
4,2017-02-20,20915,15.347,483,0.258
4,2017-02-21,23366,17.019,549,0.248
4,2017-02-22,32974,23.637,729,0.576
4,2017-02-23,6910,4.805,159,0.55
4,2017-02-24,4586,3.192,119,0.782
4,2017-02-25,903,0.584,27,0
4,2017-02-26,5026,3.5,131,0.803
4,2017-02-27,22002,16.204,542,0.286
4,2017-02-28,20949,15.337,508,0.302
4,2017-03-01,18709,13.264,435,0.874
4,2017-03-02,9121,6.764,222,0.026
4,2017-03-03,23131,16.709,532,0.482
4,2017-03-04,18877,14.055,478,1.281
4,2017-03-05,2968,2.018,78,0
4,2017-03-06,18119,12.822,420,1.184
4,2017-03-07,8868,6.569,231,0.615
4,2017-03-08,12592,9.285,300,0.188
4,2017-03-09,16910,12.835,457,1.451
4,2017-03-10,15071,10.857,353,0.174
4,2017-03-11,1146,0.741,34,0
4,2017-03-12,1231,0.796,37,0
4,2017-03-13,13076,9.675,340,0.274
4,2017-03-14,25369,17.963,588,2.812
4,2017-03-15,11828,8.189,275,1.36
4,2017-03-16,13386,9.214,301,0.525
4,2017-03-17,12221,8.615,283,0.251
4,2017-03-18,2403,1.692,69,0.026
4,2017-03-19,1367,0.884,40,0
4,2017-03-20,4096,2.877,106,0
4,2017-03-21,16099,11.437,388,1.15
4,2017-03-22,9849,7.35,264,0.114
4,2017-03-23,19111,13.907,472,2.577
4,2017-03-24,17162,12.702,415,0.988
4,2017-03-25,1161,0.75,33,0
4,2017-03-26,4920,3.611,129,0.098
4,2017-03-27,10688,7.634,261,2.125
4,2017-03-28,15290,11.081,375,1.339
4,2017-03-29,22507,16.126,549,4.24
4,2017-03-30,14097,9.913,333,2.044
4,2017-03-31,12988,9.305,318,0.906
4,2017-04-01,7721,5.889,204,0.372
4,2017-04-02,3296,2.286,86,0.037
4,2017-04-03,18924,13.724,453,2.281
4,2017-04-04,18336,13.278,432,0.736
4,2017-04-05,15375,11.484,388,0.768
4,2017-04-06,20230,15.139,511,0.248
4,2017-04-07,11657,8.437,281,0.881
4,2017-04-08,10972,7.939,276,1.403
4,2017-04-09,37255,27.868,894,0.421
4,2017-04-10,24167,17.392,564,2.293
4,2017-04-11,18940,14.269,487,0.245
4,2017-04-12,11702,8.894,313,0.18
4,2017-04-13,12548,9.21,312,1.243
4,2017-04-14,13242,9.695,343,1.072
4,2017-04-15,4238,2.794,100,0.06
4,2017-04-16,16954,11.974,392,1.041
4,2017-04-17,10228,7.153,247,1.147
4,2017-04-18,11196,7.735,248,0.399
4,2017-04-19,14413,9.83,319,1.572
4,2017-04-20,6720,4.643,171,0.702
4,2017-04-21,16906,12.227,422,2.966
4,2017-04-22,32210,23.114,712,0.234
4,2017-04-23,36537,26.24,793,0.105
4,2017-04-24,23665,17.251,559,1.19
4,2017-04-25,443,0.286,11,0
4,2017-04-26,22493,16.505,555,3.457
4,2017-04-27,1154,0.755,28,0
4,2017-04-28,22243,15.974,532,2.306
4,2017-04-29,3299,2.291,83,0
4,2017-04-30,15212,10.782,348,0.594
4,2017-05-01,977,0.632,26,0
4,2017-05-04,171,0.111,4,0
4,2017-05-05,10750,7.361,254,0.071
4,2017-05-06,12307,8.289,281,0.042
4,2017-05-07,3169,2.183,83,0
4,2017-05-08,3887,2.825,96,0.063
4,2017-05-09,3766,2.623,104,0
4,2017-05-10,4578,3.237,123,0.115
4,2017-05-11,7143,4.817,162,0.281
4,2017-05-12,13748,10.094,350,0.188
4,2017-05-13,15947,10.799,357,0.222
4,2017-05-14,9360,7.207,267,0.047
4,2017-05-15,5966,4.031,139,0.272
4,2017-05-16,3809,2.723,104,0.129
4,2017-05-17,5900,4.033,139,0.389
4,2017-05-18,9813,6.536,220,0.063
4,2017-05-19,6429,4.347,148,0.064
4,2017-05-20,13506,8.932,290,0
4,2017-05-21,3544,2.346,98,0
4,2017-05-22,5936,4.074,146,0.193
4,2017-05-23,12618,9.195,310,0.66
4,2017-05-24,17604,12.798,411,0.512
4,2017-05-25,10338,7.845,270,0.241
4,2017-05-26,6952,4.849,164,0
4,2017-05-27,26122,18.349,576,0.293
4,2017-05-28,20480,14.344,454,0.154
4,2017-05-29,5272,3.607,124,0
4,2017-05-30,10354,7.448,248,0.479
4,2017-05-31,10016,6.892,221,0.137
4,2017-06-01,5778,4.001,141,0.068
4,2017-06-02,4579,3.057,113,0.167
4,2017-06-03,10868,7.179,235,0.126
4,2017-06-04,2234,1.457,62,0.097
4,2017-06-05,3674,2.514,87,0.126
4,2017-06-06,11315,8.189,269,0.423
4,2017-06-07,17788,12.788,399,0.163
4,2017-06-08,5459,3.672,117,0.166
4,2017-06-09,8960,6.306,214,0.1
4,2017-06-10,13480,9.48,297,0.183
4,2017-06-11,19051,13.334,414,0.098
4,2017-06-12,11668,8.03,250,0.052
4,2017-06-13,7808,5.219,160,0.137
4,2017-06-14,5347,4.064,130,0
4,2017-06-15,14994,10.759,356,0.887
4,2017-06-16,5108,3.457,128,0.024
4,2017-06-17,17437,11.516,377,0.164
4,2017-06-18,2160,1.396,60,0
4,2017-06-19,4657,3.314,120,0.167
4,2017-06-20,4862,3.521,128,0.342
4,2017-06-21,2770,1.95,75,0.253
4,2017-06-22,5164,3.535,124,0.378
4,2017-06-23,5071,3.503,118,0.297
4,2017-06-24,26745,19.494,675,1.056
4,2017-06-25,14538,10.176,341,0.74
4,2017-06-26,3858,2.685,98,0.334
4,2017-06-27,4713,3.361,120,0.188
4,2017-06-28,5496,3.803,136,0.311
4,2017-06-29,6548,4.588,160,0.466
4,2017-06-30,15384,10.372,338,0.712
4,2017-07-01,10228,6.684,224,0.678
4,2017-07-02,10153,7.5,267,0.351
4,2017-07-03,16628,12.517,427,0.373
4,2017-07-04,18676,14.266,503,0.469
4,2017-07-05,4904,3.473,120,0.39
4,2017-07-06,19022,13.515,442,0.763
4,2017-07-07,5025,3.681,133,0.419
4,2017-07-08,10115,7.149,259,0.584
4,2017-07-09,4262,3.279,128,0.17
4,2017-07-10,2402,1.68,62,0.249
4,2017-07-11,811,0.561,22,0.111
4,2017-07-12,2538,1.777,67,0.228
4,2017-07-13,4737,3.538,132,0.493
4,2017-07-14,2710,1.88,76,0.198
4,2017-07-15,14709,9.665,305,0.959
4,2017-07-16,10059,7.309,237,0.167
4,2017-07-17,11211,7.929,269,0.847
4,2017-07-18,2695,1.901,71,0.377
4,2017-07-19,4565,3.327,120,0.187
4,2017-07-20,7260,5.154,183,0.491
4,2017-07-21,14818,9.725,305,1.04
4,2017-07-22,21404,14.668,476,1.072
4,2017-07-23,7558,5.627,188,0.252
4,2017-07-24,12012,9.154,331,0.391
4,2017-07-25,8734,5.786,198,0.5
4,2017-07-26,4006,2.829,107,0.43
4,2017-07-27,6238,4.45,163,0.459
4,2017-07-28,17688,12.093,391,0.904
4,2017-07-29,37126,26.491,828,0.5
4,2017-07-30,23826,16.986,543,0.373
4,2017-07-31,7119,5.077,188,0.434
4,2017-08-01,4015,2.852,107,0.356
4,2017-08-02,12065,8.364,278,0.677
4,2017-08-03,2553,1.806,70,0.307
4,2017-08-04,14331,10.88,384,0.491
4,2017-08-05,17125,12.1,409,0.689
4,2017-08-06,4690,3.568,140,0.185
4,2017-08-07,2599,1.87,66,0.18
4,2017-08-08,8692,6.165,202,0.317
4,2017-08-09,13583,10.25,345,0.376
4,2017-08-10,17925,12.914,428,0.438
4,2017-08-11,5911,3.923,131,0.31
4,2017-08-12,17040,11.521,373,0.832
4,2017-08-13,10490,7.743,261,0.192
4,2017-08-14,4005,2.684,91,0.307
4,2017-08-15,5645,4.047,154,0.404
4,2017-08-16,6877,4.795,176,0.62
4,2017-08-17,5650,3.881,129,0.403
4,2017-08-18,9389,6.172,202,0.676
4,2017-08-19,15915,11.255,362,0.392
4,2017-08-20,11850,9.021,304,0.159
4,2017-08-21,5985,4.309,149,0.215
4,2017-08-22,18335,12.72,428,1.4
4,2017-08-23,2866,1.988,75,0.366
4,2017-08-24,8896,6.635,237,0.145
4,2017-08-25,10408,7.107,232,0.639
4,2017-08-26,17635,12.489,408,0.463
4,2017-08-27,2665,1.907,70,0.141
4,2017-08-28,7802,5.555,198,0.737
4,2017-08-29,4885,3.268,111,0.391
4,2017-08-30,3002,2.112,80,0.346
4,2017-08-31,10176,7.529,272,0.357
4,2017-09-01,3166,2.212,79,0.221
4,2017-09-02,18094,13.818,462,0.235
4,2017-09-03,30841,23.002,793,0.519
4,2017-09-04,8752,5.842,198,0.657
4,2017-09-05,3372,2.477,95,0.256
4,2017-09-06,4600,3.111,110,0.357
4,2017-09-07,5834,3.93,134,0.509
4,2017-09-08,9773,7.327,275,0.431
4,2017-09-09,14669,10.141,334,0.802
4,2017-09-10,4788,3.462,124,0.206
4,2017-09-11,4452,2.982,111,0.441
4,2017-09-12,14137,10.283,352,0.514
4,2017-09-13,10044,6.828,224,0.613
4,2017-09-14,4408,2.989,101,0.405
4,2017-09-15,8603,5.997,197,0.375
4,2017-09-16,30522,20.886,654,0.35
4,2017-09-17,19075,13.012,407,0.304
4,2017-09-18,26213,18.221,578,0.537
4,2017-09-19,25523,18.991,625,0.28
4,2017-09-20,34543,24.523,784,0.289
4,2017-09-21,27355,19.258,607,0.466
4,2017-09-22,18863,13.057,410,0.225
4,2017-09-23,4769,3.362,123,0.447
4,2017-09-24,3292,2.215,79,0.246
4,2017-09-25,6755,4.739,168,0.569
4,2017-09-26,4751,3.268,116,0.441
4,2017-09-27,6485,4.477,154,0.351
4,2017-09-28,5488,3.786,134,0.366
4,2017-09-29,4635,3.137,102,0.347
4,2017-09-30,10977,7.458,248,0.713
4,2017-10-01,6681,4.907,176,0.213
4,2017-10-02,8778,6.223,216,0.565
4,2017-10-03,6915,4.748,168,0.417
4,2017-10-04,5033,3.456,122,0.319
4,2017-10-05,5054,3.363,117,0.395
4,2017-10-06,6362,4.298,148,0.416
4,2017-10-07,9091,6.253,209,0.46
4,2017-10-08,14455,10.718,350,0.232
4,2017-10-09,3367,2.361,95,0.319
4,2017-10-10,6486,4.705,166,0.417
4,2017-10-11,7563,5.472,200,0.418
4,2017-10-12,4392,2.999,108,0.237
4,2017-10-13,5042,3.556,127,0.386
4,2017-10-14,13621,9.828,340,0.686
4,2017-10-15,4616,3.465,127,0.158
4,2017-10-16,7231,4.966,167,0.548
4,2017-10-17,5318,3.703,138,0.497
4,2017-10-18,8963,6.247,217,0.63
4,2017-10-19,15129,10.961,388,0.638
4,2017-10-20,4420,3.221,116,0.177
4,2017-10-21,3414,2.293,84,0.318
4,2017-10-22,15392,11.631,417,0.527
4,2017-10-23,10098,6.926,232,0.719
4,2017-10-24,6357,4.302,153,0.46
4,2017-10-25,6131,4.105,143,0.518
4,2017-10-26,9406,6.409,217,0.545
4,2017-10-27,7649,5.282,189,0.745
4,2017-10-28,2809,1.94,71,0.266
4,2017-10-29,469,0.303,14,0.026
4,2017-10-30,8055,5.862,213,0.739
4,2017-10-31,8290,6.033,220,0.448
4,2017-11-01,7222,5.229,193,0.24
4,2017-11-02,3469,2.49,88,0.205
4,2017-11-03,5054,3.493,122,0.329
4,2017-11-04,12440,8.736,298,0.52
4,2017-11-05,542,0.35,16,0.066
4,2017-11-06,5090,3.815,139,0.179
4,2017-11-07,3102,2.187,81,0.175
4,2017-11-08,4217,2.911,104,0.277
4,2017-11-09,8765,5.924,196,0.666
4,2017-11-10,8531,6.021,206,0.458
4,2017-11-11,5692,3.756,130,0.495
4,2017-11-12,324,0.209,10,0.082
4,2017-11-13,4251,2.936,105,0.482
4,2017-11-14,11415,8.582,302,0.43
4,2017-11-15,3822,2.722,104,0.242
4,2017-11-16,2727,1.955,76,0.112
4,2017-11-17,8457,6.228,233,1.093
4,2017-11-18,9790,6.854,242,0.656
4,2017-11-19,2394,1.781,67,0.135
4,2017-11-20,4075,2.889,108,0.219
4,2017-11-21,11289,7.731,254,0.537
4,2017-11-22,13383,10.198,369,0.283
4,2017-11-23,6632,4.709,169,0.301
4,2017-11-24,4536,3.253,119,0.365
4,2017-11-25,4204,2.838,101,0.387
4,2017-11-26,9053,6.93,259,0.208
4,2017-11-27,9377,6.616,240,1.113
4,2017-11-28,7817,5.256,180,0.632
4,2017-11-29,5089,3.438,126,0.389
4,2017-11-30,3702,2.593,95,0.202
4,2017-12-01,8291,5.506,191,0.537
4,2017-12-02,5275,3.563,122,0.423
4,2017-12-03,658,0.425,17,0.072
4,2017-12-04,5648,4.03,146,0.41
4,2017-12-05,3628,2.565,95,0.356
4,2017-12-06,4327,2.898,105,0.514
4,2017-12-07,4870,3.331,122,0.374
4,2017-12-08,12568,8.771,283,0.645
4,2017-12-09,4162,2.744,93,0.326
4,2017-12-10,2430,1.709,61,0.156
4,2017-12-11,4813,3.463,123,0.243
4,2017-12-12,13753,10.121,350,0.436
4,2017-12-13,3183,2.245,78,0.193
4,2017-12-14,4000,2.813,103,0.285
4,2017-12-15,10766,7.991,277,0.167
4,2017-12-16,10511,7.735,256,0.14
4,2017-12-17,1901,1.401,53,0.112
4,2017-12-18,6269,4.478,152,0.099
4,2017-12-19,646,0.418,21,0.071
4,2017-12-20,2541,1.836,68,0.162
4,2017-12-21,562,0.363,18,0.114
4,2017-12-22,10005,7.549,270,0.381
4,2017-12-23,2837,1.868,69,0.248
4,2017-12-24,25469,19.348,672,0.285
4,2017-12-25,307,0.198,11,0.064
4,2017-12-26,2164,1.495,53,0.119
4,2017-12-27,10611,8.215,289,0.181
4,2017-12-28,430,0.278,15,0.089
4,2017-12-29,1963,1.475,54,0.099
4,2017-12-30,8411,6.359,233,0.168
4,2017-12-31,2632,1.893,72,0.127
4,2018-01-01,690,0.446,22,0.088
4,2018-01-02,4145,3.187,125,0.273
4,2018-01-03,1759,1.137,48,0.234
4,2018-01-04,10697,7.222,247,0.439
4,2018-01-05,8593,5.77,191,0.325
4,2018-01-06,635,0.41,18,0.097
4,2018-01-07,2743,1.886,68,0.168
4,2018-01-08,671,0.434,20,0.123
4,2018-01-09,3083,2.251,94,0.465
4,2018-01-10,685,0.443,22,0.085
4,2018-01-11,777,0.502,24,0.17
4,2018-01-12,5282,4,150,0.227
4,2018-01-13,1549,1.127,40,0.054
4,2018-01-14,7053,5.035,177,0.321
4,2018-01-15,6663,4.84,174,0.364
4,2018-01-16,4705,3.292,120,0.177
4,2018-01-17,3715,2.594,96,0.151
4,2018-01-18,23706,17.38,635,3.304
4,2018-01-19,844,0.546,23,0.094
4,2018-01-20,43,0.028,2,0.008
4,2018-01-21,26052,18.538,605,0.309
4,2018-01-22,10567,7.994,296,0.406
4,2018-01-23,8427,5.918,199,0.509
4,2018-01-24,31246,23.121,744,0.409
4,2018-01-25,4258,2.807,96,0.317
4,2018-01-26,16689,12.012,395,0.412
4,2018-01-27,1127,0.728,23,0.078
4,2018-01-28,9111,6.182,191,0.301
4,2018-01-29,2531,1.642,58,0.317
4,2018-01-30,4145,2.723,89,0.264
4,2018-01-31,2485,1.633,59,0.145
4,2018-02-01,10731,7.376,231,0.306
4,2018-02-02,3814,2.654,88,0.272
4,2018-02-03,1801,1.164,40,0.126
4,2018-02-04,8889,6.296,207,0.256
4,2018-02-05,2329,1.513,54,0.224
4,2018-02-06,13372,9.678,335,0.36
4,2018-02-07,9698,6.606,221,0.556
4,2018-02-08,18029,13.011,412,0.275
4,2018-02-09,6383,4.278,145,0.273
4,2018-02-10,11154,7.679,251,0.324
4,2018-02-11,8192,5.334,180,0.532
4,2018-02-12,3394,2.202,84,0.306
4,2018-02-13,12591,8.857,282,0.402
4,2018-02-14,19825,13.708,439,0.697
4,2018-02-15,6986,4.605,156,0.425
4,2018-02-16,12846,9.151,293,0.249
4,2018-02-17,6938,4.801,158,0.313
4,2018-02-18,10075,6.75,214,0.318
4,2018-02-19,3224,2.084,74,0.278
4,2018-02-20,3475,2.507,83,0.133
4,2018-02-21,271,0.175,6,0.039
4,2018-02-22,3812,2.595,89,0.23
4,2018-02-23,2932,1.906,67,0.293
4,2018-02-24,5017,3.377,117,0.326
4,2018-02-25,3783,2.487,81,0.319
4,2018-02-26,3043,2.002,67,0.205
4,2018-02-27,16682,12.41,440,1.538
4,2018-02-28,18167,13.282,429,0.376
4,2018-03-01,6364,4.326,137,0.249
4,2018-03-02,17737,12.751,408,0.455
4,2018-03-03,3654,2.528,82,0.166
4,2018-03-04,11302,8.329,285,0.307
4,2018-03-05,2948,1.906,65,0.188
4,2018-03-06,14543,10.775,383,1.668
4,2018-03-07,15170,11.338,407,2.08
4,2018-03-08,3675,2.459,80,0.177
4,2018-03-09,8215,5.925,204,0.262
4,2018-03-10,12053,9.049,302,0.082
4,2018-03-11,6464,4.67,155,0.101
4,2018-03-12,6345,4.642,149,0.039
4,2018-03-13,13224,10.262,376,0.256
4,2018-03-14,21348,15.775,499,0.147
4,2018-03-15,11797,8.548,269,0.17
4,2018-03-16,4803,3.443,114,0.164
4,2018-03-17,7480,5.001,160,0.398
4,2018-03-18,7805,5.511,175,0.269
4,2018-03-19,3092,2.066,67,0.17
4,2018-03-20,4592,3.176,107,0.283
4,2018-03-21,451,0.292,13,0.065
4,2018-03-22,34,0.022,1,0.007
4,2018-03-23,1171,0.762,24,0.105
4,2018-03-24,5350,3.791,125,0.204
4,2018-03-25,2332,1.516,53,0.202
4,2018-03-26,2442,1.612,55,0.121
4,2018-03-27,2410,1.566,54,0.227
4,2018-03-28,5882,4.182,139,0.316
4,2018-03-29,2902,1.919,67,0.212
4,2018-03-30,2542,1.661,52,0.149
4,2018-03-31,6775,4.58,156,0.328
4,2018-04-01,2692,1.754,68,0.333
4,2018-04-02,19909,14.723,487,0.446
4,2018-04-03,6245,4.086,132,0.434
4,2018-04-04,3019,2.025,73,0.264
4,2018-04-05,3896,2.551,88,0.293
4,2018-04-06,12281,8.99,288,0.251
4,2018-04-07,31019,21.576,680,0.622
4,2018-04-08,32547,22.652,707,0.469
4,2018-04-09,23500,15.989,495,0.25
4,2018-04-10,12748,8.698,265,0.154
4,2018-04-11,22217,15.636,493,0.45
4,2018-04-12,9083,6.098,199,0.236
4,2018-04-13,26254,18.549,582,0.398
4,2018-04-14,23288,15.536,465,0.343
4,2018-04-15,13955,9.436,301,0.435
4,2018-04-16,19165,13.415,425,0.331
4,2018-04-17,29079,20.18,625,0.467
4,2018-04-18,5382,3.535,119,0.34
4,2018-04-19,8178,5.589,195,0.443
4,2018-04-20,23292,16.859,542,0.476
4,2018-04-21,23681,16.541,515,0.374
4,2018-04-22,3534,2.397,89,0.266
4,2018-04-23,2886,2.024,79,0.348
4,2018-04-24,4720,3.594,141,0.237
4,2018-04-25,775,0.501,23,0.114
4,2018-04-26,511,0.33,17,0.077
4,2018-04-27,961,0.621,29,0.15
4,2018-04-28,482,0.312,16,0.072
4,2018-04-29,456,0.295,14,0.056
4,2018-04-30,4453,3.329,115,0.129
4,2018-05-01,12219,9.49,358,0.352
4,2018-05-02,9761,7.348,273,0.353
4,2018-05-03,15949,11.963,399,0.309
4,2018-05-04,3347,2.369,91,0.165
4,2018-05-05,25854,19.509,656,0.436
4,2018-05-06,895,0.579,31,0.117
4,2018-05-07,873,0.564,26,0.15
4,2018-05-08,7851,5.903,219,0.315
4,2018-05-09,4060,3.04,118,0.17
4,2018-05-10,660,0.427,22,0.111
4,2018-05-11,2462,1.789,67,0.177
4,2018-05-12,12813,9.938,375,0.553
4,2018-05-13,2348,1.659,63,0.15
4,2018-05-14,1059,0.685,31,0.104
4,2018-05-15,8586,6.765,253,0.162
4,2018-05-16,20205,15.176,548,0.507
4,2018-05-17,12935,9.889,367,0.356
4,2018-05-18,866,0.56,25,0.107
4,2018-05-19,2405,1.704,62,0.19
4,2018-05-20,437,0.282,13,0.052
4,2018-05-21,10996,8.144,289,0.385
4,2018-05-22,30821,23.125,797,0.782
4,2018-05-23,10259,7.809,276,0.277
4,2018-05-24,12198,8.651,299,0.845
4,2018-05-25,11353,8.771,334,0.369
4,2018-05-26,7967,5.693,194,0.225
4,2018-05-27,4646,3.503,137,0.245
4,2018-05-28,11496,8.24,284,0.55
4,2018-05-29,11762,8.9,313,0.623
4,2018-05-30,25523,19.419,668,0.383
4,2018-05-31,16878,12.535,445,0.574
4,2018-06-01,10058,7.625,281,0.421
4,2018-06-02,550,0.356,16,0.061
4,2018-06-03,9824,7.342,259,0.309
4,2018-06-04,16021,12.165,423,0.293
4,2018-06-05,23052,17.658,638,0.586
4,2018-06-06,2037,1.376,52,0.262
4,2018-06-07,6853,4.882,166,0.351
4,2018-06-08,8010,5.96,216,0.305
4,2018-06-09,9754,7.166,253,0.576
4,2018-06-10,11912,8.951,316,0.836
4,2018-06-11,6404,4.154,143,0.543
4,2018-06-12,6583,4.364,147,0.363
4,2018-06-13,23325,16.699,553,0.825
4,2018-06-14,6893,4.937,165,0.443
4,2018-06-15,15944,11.308,377,0.418
4,2018-06-16,504,0.326,18,0.104
4,2018-06-17,4112,3.098,117,0.209
4,2018-06-18,21672,15.739,540,0.695
4,2018-06-19,7441,5.477,193,0.522
4,2018-06-20,21969,16.24,538,0.263
4,2018-06-21,942,0.609,24,0.079
4,2018-06-22,11204,8.169,288,0.974
4,2018-06-23,19549,14.417,468,0.4
4,2018-06-24,14428,10.315,345,0.44
4,2018-06-25,32452,23.487,742,0.481
4,2018-06-26,11609,8.222,284,0.35
4,2018-06-27,7496,5.334,178,0.298
4,2018-06-28,17544,12.651,431,0.515
4,2018-06-29,748,0.483,20,0.083
4,2018-06-30,4837,3.189,101,0.228
4,2018-07-01,4332,3.248,121,0.171
4,2018-07-02,19088,13.341,441,0.856
4,2018-07-03,24347,17.648,612,0.846
4,2018-07-04,675,0.436,20,0.12
4,2018-07-05,2831,1.964,70,0.121
4,2018-07-06,6193,4.454,157,0.183
4,2018-07-07,13472,10.588,408,0.326
4,2018-07-08,1008,0.652,27,0.07
4,2018-07-09,11770,8.287,282,0.77
4,2018-07-10,14775,10.911,393,0.49
4,2018-07-11,1012,0.654,28,0.145
4,2018-07-12,1323,0.855,39,0.198
4,2018-07-13,15506,11.303,408,0.661
4,2018-07-14,2099,1.516,57,0.181
4,2018-07-15,1110,0.717,28,0.094
4,2018-07-16,26510,19.851,698,0.761
4,2018-07-17,809,0.523,25,0.118
4,2018-07-18,530,0.343,16,0.114
4,2018-07-19,4034,2.884,104,0.131
4,2018-07-20,639,0.413,21,0.08
4,2018-07-21,2923,2.176,83,0.158
4,2018-07-22,29767,21.943,720,0.377
4,2018-07-23,14913,10.478,338,0.602
4,2018-07-24,3105,2.272,81,0.146
4,2018-07-25,1037,0.67,28,0.113
4,2018-07-26,16949,12.268,401,0.273
4,2018-07-27,8090,5.897,202,0.372
4,2018-07-28,15858,10.815,335,0.324
4,2018-07-29,5417,3.696,119,0.287
4,2018-07-30,14412,10.589,347,0.237
4,2018-07-31,9136,6.569,224,0.461
4,2018-08-01,16284,12.14,416,0.374
4,2018-08-02,7484,5.589,206,0.362
4,2018-08-03,7074,5.218,181,0.349
4,2018-08-04,1888,1.297,45,0.092
4,2018-08-05,7703,5.818,197,0.135
4,2018-08-06,8984,6.618,238,0.508
4,2018-08-07,10729,7.884,268,0.712
4,2018-08-08,8965,6.764,248,0.39
4,2018-08-09,7195,5.128,176,0.338
4,2018-08-10,438,0.283,15,0.088
4,2018-08-11,24,0.016,1,0.015
4,2018-08-12,11337,8.256,293,0.462
4,2018-08-13,6081,4.453,155,0.211
4,2018-08-14,13673,10.25,357,0.382
4,2018-08-15,8837,6.57,238,0.366
4,2018-08-16,7871,5.787,203,0.411
4,2018-08-17,7678,5.552,198,0.342
4,2018-08-18,10879,7.893,278,0.534
4,2018-08-19,12689,9.375,303,0.19
4,2018-08-20,13143,9.648,341,0.593
4,2018-08-21,12496,9.004,308,0.7
4,2018-08-22,8483,6.228,215,0.601
4,2018-08-23,5864,3.818,128,0.448
4,2018-08-24,8635,6.351,227,0.534
4,2018-08-25,13707,10.009,330,0.439
4,2018-08-26,18422,13.482,456,0.366
4,2018-08-27,7753,5.739,207,0.406
4,2018-08-28,7408,5.381,186,0.463
4,2018-08-29,7766,5.681,196,0.227
4,2018-08-30,852,0.551,24,0.082
4,2018-08-31,2517,1.864,75,0.187
4,2018-09-01,655,0.423,18,0.044
4,2018-09-02,1745,1.211,49,0.148
4,2018-09-03,19099,15.005,554,0.275
4,2018-09-04,2495,1.762,68,0.206
4,2018-09-05,857,0.554,22,0.11
4,2018-09-06,7736,5.67,199,0.47
4,2018-09-07,6140,4.581,170,0.283
4,2018-09-08,509,0.329,14,0.084
4,2018-09-09,4168,3.154,122,0.171
4,2018-09-10,9752,7.074,248,0.678
4,2018-09-11,12261,8.851,306,0.425
4,2018-09-12,3755,2.775,103,0.092
4,2018-09-13,13960,10.406,363,0.421
4,2018-09-14,8378,5.963,200,0.461
4,2018-09-15,19272,13.706,440,0.384
4,2018-09-16,4054,2.982,110,0.187
4,2018-09-17,8739,6.454,232,0.409
4,2018-09-18,15103,10.962,377,1.287
4,2018-09-19,12331,9.083,324,0.421
4,2018-09-20,7075,4.956,167,0.457
4,2018-09-21,13357,10.234,374,0.326
4,2018-09-22,2073,1.403,54,0.14
4,2018-09-23,15394,11.561,401,0.429
4,2018-09-24,10022,7.572,286,0.614
4,2018-09-25,6804,5.011,174,0.299
4,2018-09-26,11046,8.012,271,0.574
4,2018-09-27,15581,11.6,402,0.366
4,2018-09-28,1824,1.254,46,0.132
4,2018-09-29,8859,6.8,248,0.241
4,2018-09-30,9357,6.969,241,0.228
4,2018-10-01,19897,14.799,512,0.669
4,2018-10-02,12881,9.56,340,0.536
4,2018-10-03,5896,4.1,150,0.226
4,2018-10-04,4795,3.432,120,0.182
4,2018-10-05,12115,8.832,297,0.302
4,2018-10-06,3939,2.812,100,0.143
4,2018-10-07,10635,7.754,248,0.062
4,2018-10-08,6920,5.28,184,0.111
4,2018-10-09,14052,10.672,362,0.206
4,2018-10-10,10861,8.092,266,0.073
4,2018-10-11,18771,13.743,444,0.371
4,2018-10-12,16760,12.007,377,0.222
4,2018-10-13,12539,9.143,302,0.298
4,2018-10-14,13883,10.33,361,0.555
4,2018-10-15,4627,3.083,100,0.255
4,2018-10-16,6390,4.604,151,0.265
4,2018-10-17,7008,5.124,182,0.374
4,2018-10-18,3229,2.215,76,0.197
4,2018-10-19,3230,2.125,70,0.207
4,2018-10-20,1582,1.03,38,0.217
4,2018-10-21,7988,5.903,193,0.177
4,2018-10-22,6134,4.225,138,0.268
4,2018-10-23,2419,1.564,54,0.239
4,2018-10-24,11046,7.994,278,0.381
4,2018-10-25,1144,0.739,28,0.079
4,2018-10-26,1622,1.069,41,0.179
4,2018-10-27,1197,0.819,29,0.069
4,2018-10-28,526,0.349,12,0.022
4,2018-10-29,3882,2.601,90,0.367
4,2018-10-30,4517,3.057,106,0.346
4,2018-10-31,2587,1.729,65,0.25
4,2018-11-01,2884,1.876,63,0.225
4,2018-11-02,3244,2.237,78,0.223
4,2018-11-03,219,0.142,7,0.027
4,2018-11-04,492,0.318,13,0.061
4,2018-11-05,1624,1.059,38,0.212
4,2018-11-06,2592,1.713,60,0.294
4,2018-11-07,10810,8.438,320,0.183
4,2018-11-08,272,0.176,7,0.055
4,2018-11-09,0,0,0,0
4,2018-11-10,14,0.009,1,0.009
4,2018-11-11,0,0,0,0
4,2018-11-12,6532,4.779,159,0.201
4,2018-11-13,4603,3.462,125,0.091
4,2018-11-14,7273,5.412,199,0.305
4,2018-11-15,4046,3.016,112,0.164
4,2018-11-16,10475,7.917,285,0.305
4,2018-11-17,23843,17.379,593,0.762
4,2018-11-18,24505,17.849,580,0.185
4,2018-11-19,9186,6.653,229,0.204
4,2018-11-20,5143,3.745,131,0.226
4,2018-11-21,8013,5.84,204,0.153
4,2018-11-22,1979,1.366,46,0.161
4,2018-11-23,3689,2.503,88,0.24
4,2018-11-24,14,0.009,1,0
4,2018-11-25,684,0.47,16,0.025
4,2018-11-26,6934,4.953,167,0.399
4,2018-11-27,2719,1.903,65,0.188
4,2018-11-28,2147,1.472,50,0.267
4,2018-11-29,1966,1.385,48,0.148
4,2018-11-30,7936,5.522,192,0.558
4,2018-12-01,10513,7.298,246,1.149
4,2018-12-02,7559,5.183,187,0.605
4,2018-12-03,4874,3.496,115,0.164
4,2018-12-04,2637,1.798,61,0.174
4,2018-12-05,4818,3.575,127,0.136
4,2018-12-06,6953,5.394,189,0.036
4,2018-12-07,2776,1.954,70,0.116
4,2018-12-08,5822,3.983,145,0.423
4,2018-12-09,7178,4.826,162,0.456
4,2018-12-10,5216,3.822,136,0.265
4,2018-12-11,9581,7.282,274,0.308
4,2018-12-12,7766,5.698,196,0.465
4,2018-12-13,6580,4.999,188,0.256
4,2018-12-14,10123,7.173,250,0.618
4,2018-12-15,1869,1.278,43,0.072
4,2018-12-16,9915,6.988,242,0.468
4,2018-12-17,5955,4.287,143,0.264
4,2018-12-18,4094,3.006,103,0.16
4,2018-12-19,4193,3.053,108,0.115
4,2018-12-20,1749,1.228,44,0.12
4,2018-12-21,5862,3.981,136,0.316
4,2018-12-22,9064,6.233,220,0.943
4,2018-12-23,7124,4.811,156,0.395
4,2018-12-24,2356,1.695,58,0.058
4,2018-12-25,28,0.018,1,0
4,2018-12-26,12,0.008,1,0
4,2018-12-27,11047,7.691,255,0.689
4,2018-12-28,7587,5.192,173,0.483
4,2018-12-29,1019,0.751,25,0.007
4,2018-12-30,9078,6.242,207,0.512
4,2018-12-31,10551,7.277,249,0.665
4,2019-01-01,10937,7.515,251,0.62
4,2019-01-02,9095,6.039,205,0.8
4,2019-01-03,1805,1.295,45,0.099
4,2019-01-04,29176,20.808,681,1.215
4,2019-01-05,4684,3.431,122,0.218
4,2019-01-06,21642,15.753,523,0.356
4,2019-01-07,5751,3.993,146,0.39
4,2019-01-08,7934,5.639,199,0.758
4,2019-01-09,11385,8.182,286,0.494
4,2019-01-10,1778,1.225,47,0.162
4,2019-01-11,4766,3.359,117,0.383
4,2019-01-12,6527,4.521,155,0.414
4,2019-01-13,10433,7.277,253,0.682
4,2019-01-14,5956,4.182,145,0.389
4,2019-01-15,5311,3.813,139,0.358
4,2019-01-16,1556,1.095,36,0.058
4,2019-01-17,5918,4.09,141,0.35
4,2019-01-18,3928,2.868,102,0.171
4,2019-01-19,1318,0.92,30,0.023
4,2019-01-20,5473,4.28,157,0.105
4,2019-01-21,8603,5.989,205,0.622
4,2019-01-22,4750,3.434,122,0.245
4,2019-01-23,10434,7.586,272,0.434
4,2019-01-24,0,0,0,0
4,2019-01-25,14087,10.107,350,0.576
4,2019-01-26,15202,10.776,343,0.44
4,2019-01-27,17939,12.89,412,0.216
4,2019-01-28,5738,4.094,141,0.258
4,2019-01-29,4860,3.423,114,0.219
4,2019-01-30,2791,1.938,67,0.084
4,2019-01-31,9891,7.07,250,0.356
4,2019-02-01,11570,8.306,299,0.463
4,2019-02-02,12026,8.819,328,0.865
4,2019-02-03,53,0.034,2,0
4,2019-02-04,11653,8.175,278,0.419
4,2019-02-05,5989,4.385,150,0.289
4,2019-02-06,9444,7.311,249,0.054
4,2019-02-07,3761,2.709,94,0.243
4,2019-02-08,14976,10.834,373,0.626
4,2019-02-09,3231,2.484,95,0.076
4,2019-02-10,0,0,0,0
4,2019-02-11,13890,10.347,379,0.854
4,2019-02-12,1745,1.29,48,0.026
4,2019-02-13,8975,6.901,233,0.22
4,2019-02-14,11950,8.738,312,0.472
4,2019-02-15,13624,10.133,357,0.659
4,2019-02-16,19299,13.717,444,0.417
4,2019-02-17,23412,16.717,547,0.509
4,2019-02-18,10676,7.625,257,0.465
4,2019-02-19,3383,2.318,83,0.23
4,2019-02-20,2737,2.078,75,0.058
4,2019-02-21,1692,1.265,46,0.022
4,2019-02-22,7544,5.383,188,0.356
4,2019-02-23,1219,0.873,30,0.037
4,2019-02-24,11553,8.701,317,0.813
4,2019-02-25,12452,9.033,323,1.355
4,2019-02-26,9380,7.335,284,0.331
4,2019-02-27,2269,1.653,59,0.126
4,2019-02-28,9241,6.797,252,0.426
4,2019-03-01,30526,22.261,722,0.497
4,2019-03-02,25973,19.102,638,0.749
4,2019-03-03,11923,8.922,311,0.356
4,2019-03-04,21917,16.428,595,0.793
4,2019-03-05,3936,2.876,96,0.166
4,2019-03-06,9807,7.387,266,0.378
4,2019-03-07,9447,6.852,243,0.774
4,2019-03-08,9955,6.985,238,0.708
4,2019-03-09,11187,8.103,282,0.377
4,2019-03-10,7292,5.092,175,0.381
4,2019-03-11,9365,6.629,230,0.418
4,2019-03-12,12058,8.633,308,0.963
4,2019-03-13,12122,9.212,338,0.261
4,2019-03-14,8974,6.308,221,0.641
4,2019-03-15,22522,16.236,515,0.336
4,2019-03-16,11359,8.094,257,0.57
4,2019-03-17,10055,7.046,236,0.573
4,2019-03-18,20455,14.875,486,0.572
4,2019-03-19,11491,7.936,268,0.931
4,2019-03-20,8526,6.269,220,0.248
4,2019-03-21,13164,10.246,387,0.348
4,2019-03-22,8293,5.948,202,0.301
4,2019-03-23,11166,8.325,285,0.172
4,2019-03-24,0,0,0,0
4,2019-03-25,6955,5.191,186,0.156
4,2019-03-26,10176,7.702,286,0.304
4,2019-03-27,14546,10.597,381,0.513
4,2019-03-28,9013,6.983,264,0.25
4,2019-03-29,10031,7.714,295,0.31
4,2019-03-30,8980,6.496,234,0.427
4,2019-03-31,6940,4.962,181,0.344
4,2019-04-01,2474,1.708,56,0.082
4,2019-04-02,9711,6.932,240,0.531
4,2019-04-03,6419,4.746,171,0.443
4,2019-04-04,2148,1.49,52,0.17
4,2019-04-05,10353,7.37,262,1.117
4,2019-04-06,13815,10.971,466,2.953
4,2019-04-07,3127,2.073,71,0.2
4,2019-04-08,9157,6.332,214,0.478
4,2019-04-09,13611,10.029,346,0.406
4,2019-04-10,9869,6.884,236,0.51
4,2019-04-11,2421,1.726,59,0.184
4,2019-04-12,1280,0.912,33,0.024
4,2019-04-13,8453,5.868,207,0.547
4,2019-04-14,6624,5.766,281,3.451
4,2019-04-15,7286,4.933,173,0.603
4,2019-04-16,7313,5.425,193,0.218
4,2019-04-17,9048,6.333,237,1.404
4,2019-04-18,18547,13.908,496,0.517
4,2019-04-19,20401,14.667,467,0.276
4,2019-04-20,15028,10.555,337,0.172
4,2019-04-21,30382,22.422,754,0.256
4,2019-04-22,23829,17.416,582,0.859
4,2019-04-23,7037,5.105,179,0.336
4,2019-04-24,7952,6.148,231,0.131
4,2019-04-25,4801,3.277,117,0.285
4,2019-04-26,10577,7.525,265,0.64
4,2019-04-27,1360,0.879,30,0.153
4,2019-04-28,6830,4.886,180,0.619
4,2019-04-29,8262,5.654,201,1.075
4,2019-04-30,6053,4.524,169,0.409
4,2019-05-01,8666,6.779,238,0.191
4,2019-05-02,1718,1.11,40,0.13
4,2019-05-03,8502,6.217,233,0.473
4,2019-05-04,3300,2.279,80,0.216
4,2019-05-05,10093,7.011,246,0.614
4,2019-05-06,11186,7.914,271,0.546
4,2019-05-07,13892,9.832,347,1.152
4,2019-05-08,4487,3.152,114,0.337
4,2019-05-09,2009,1.303,47,0.169
4,2019-05-10,2506,1.758,62,0.193
4,2019-05-11,8194,6.001,226,0.935
4,2019-05-12,9059,6.418,229,0.641
4,2019-05-13,8123,6.716,310,3.064
4,2019-05-14,7416,5.144,181,1.034
4,2019-05-15,7737,5.676,206,0.419
4,2019-05-16,11177,8.691,310,0.194
4,2019-05-17,12242,9.365,356,0.288
4,2019-05-18,7889,5.497,193,0.551
4,2019-05-19,10354,7.457,262,0.739
4,2019-05-20,2540,1.664,60,0.204
4,2019-05-21,9344,6.534,227,0.692
4,2019-05-22,10857,8.552,336,0.309
4,2019-05-23,8186,5.592,195,0.875
4,2019-05-24,6404,4.392,250,0.177
4,2019-05-25,10495,7.557,272,0.412
4,2019-05-26,12853,10.287,458,4.405
4,2019-05-27,2849,1.868,70,0.365
4,2019-05-28,12215,8.861,307,0.654
4,2019-05-29,4065,2.881,107,0.248
4,2019-05-30,7143,5.031,171,0.397
4,2019-05-31,2701,1.841,62,0.154
4,2019-06-01,9280,6.445,224,0.754
4,2019-06-02,12830,10.386,465,3.801
4,2019-06-03,8382,6.477,249,0.238
4,2019-06-04,9773,6.914,240,0.63
4,2019-06-05,10074,7.235,238,0.326
4,2019-06-06,2276,1.494,53,0.166
4,2019-06-07,4553,3.315,110,0.136
4,2019-06-08,19479,14.124,497,0.772
4,2019-06-09,14295,10.426,374,0.45
4,2019-06-10,7550,6.069,231,0.097
4,2019-06-11,8012,5.612,194,0.562
4,2019-06-12,17709,13.504,523,2.334
4,2019-06-13,11018,7.738,272,0.604
4,2019-06-14,7934,5.919,215,0.229
4,2019-06-15,10819,7.455,242,0.349
4,2019-06-16,19384,13.933,447,0.19
4,2019-06-17,4300,3.117,109,0.128
4,2019-06-18,6712,4.589,153,0.243
4,2019-06-19,8164,5.396,179,0.571
4,2019-06-20,10398,7.555,263,0.379
4,2019-06-21,6358,4.686,162,0.307
4,2019-06-22,8166,5.931,225,1.26
4,2019-06-23,7470,5.084,165,0.497
4,2019-06-24,8302,6.322,224,0.268
4,2019-06-25,8868,6.51,217,0.292
4,2019-06-26,1999,1.314,44,0.088
4,2019-06-27,7229,4.905,169,0.562
4,2019-06-28,7848,5.821,213,0.455
4,2019-06-29,8955,6.188,201,0.419
4,2019-06-30,8210,5.803,189,0.253
4,2019-07-01,4847,3.337,109,0.252
4,2019-07-02,2271,1.515,52,0.15
4,2019-07-03,10025,7.411,260,0.444
4,2019-07-04,10453,7.404,264,0.726
4,2019-07-05,3418,2.379,85,0.241
4,2019-07-06,9694,6.97,250,0.39
4,2019-07-07,9607,6.939,231,0.377
4,2019-07-08,7005,5.14,180,0.319
4,2019-07-09,5377,3.946,142,0.175
4,2019-07-10,4479,3.356,122,0.093
4,2019-07-11,10829,7.72,275,0.996
4,2019-07-12,8698,6.599,243,0.27
4,2019-07-13,10019,6.999,242,0.383
4,2019-07-14,1045,0.694,22,0.025
4,2019-07-15,3391,2.474,87,0.18
4,2019-07-16,2731,2.032,68,0.055
4,2019-07-17,4963,3.667,128,0.138
4,2019-07-18,14142,10.238,357,0.426
4,2019-07-19,5739,4.094,146,0.587
4,2019-07-20,8073,5.69,198,0.337
4,2019-07-21,8866,6.469,232,0.363
4,2019-07-22,13392,9.804,352,0.521
4,2019-07-23,15964,11.924,394,0.338
4,2019-07-24,6875,4.617,155,0.703
4,2019-07-25,8287,6.277,216,0.141
4,2019-07-26,15629,11.104,372,1.04
4,2019-07-27,25209,17.715,575,0.766
4,2019-07-28,9637,6.426,214,0.516
4,2019-07-29,21233,15.732,510,0.174
4,2019-07-30,23896,16.804,525,0.384
4,2019-07-31,21769,15.202,486,0.477
4,2019-08-01,12326,8.983,324,0.724
4,2019-08-02,10161,7.207,260,0.513
4,2019-08-03,11322,7.868,280,0.781
4,2019-08-04,13935,9.688,322,0.53
4,2019-08-05,5846,3.899,131,0.454
4,2019-08-06,8212,5.632,188,0.504
4,2019-08-07,9077,6.273,218,0.395
4,2019-08-08,7702,5.269,174,0.308
4,2019-08-09,20895,14.599,480,0.45
4,2019-08-10,7794,5.23,172,0.595
4,2019-08-11,9756,6.544,216,0.63
4,2019-08-12,8114,5.498,194,0.533
4,2019-08-13,4107,3.016,104,0.074
4,2019-08-14,11765,8.265,287,0.709
4,2019-08-15,8472,5.761,192,0.484
4,2019-08-16,6528,4.83,182,0.246
4,2019-08-17,7766,5.262,180,0.478
4,2019-08-18,7860,5.308,182,0.617
4,2019-08-19,10462,7.502,259,0.373
4,2019-08-20,16773,11.737,377,0.166
4,2019-08-21,6531,4.377,138,0.158
4,2019-08-22,4018,2.749,86,0.128
4,2019-08-23,16446,11.686,384,0.239
4,2019-08-24,10440,7.244,227,0.144
4,2019-08-25,12626,9.036,293,0.153
4,2019-08-26,7919,5.52,189,0.63
4,2019-08-27,22259,15.739,510,0.665
4,2019-08-28,30448,22.104,728,0.964
4,2019-08-29,10783,7.216,227,0.183
4,2019-08-30,20871,14.776,477,0.515
4,2019-08-31,10005,7.143,232,0.131
4,2019-09-01,8498,5.924,203,0.764
4,2019-09-02,8061,5.409,179,0.568
4,2019-09-03,12019,8.357,278,0.75
4,2019-09-04,4771,3.372,112,0.256
4,2019-09-05,10819,7.518,260,0.815
4,2019-09-06,2825,1.91,67,0.164
4,2019-09-07,10103,7.099,256,1.028
4,2019-09-08,9402,6.589,238,0.686
4,2019-09-09,10081,7.304,256,0.468
4,2019-09-10,3550,2.382,82,0.156
4,2019-09-11,7171,4.855,171,0.515
4,2019-09-12,1066,0.798,29,0.031
4,2019-09-13,1635,1.057,34,0.084
4,2019-09-14,0,0,0,0
4,2019-09-15,17573,12.094,398,0.832
4,2019-09-16,12705,8.81,299,0.647
4,2019-09-17,2940,2.19,81,0.065
4,2019-09-18,3185,2.211,79,0.12
4,2019-09-19,6914,4.969,179,0.426
4,2019-09-20,9528,6.54,220,0.717
4,2019-09-21,10076,6.965,237,0.736
4,2019-09-22,11509,8.442,288,0.332
4,2019-09-23,6987,4.698,165,0.66
4,2019-09-24,6959,4.751,169,0.518
4,2019-09-25,6040,4.072,144,0.425
4,2019-09-26,12974,9.206,322,0.696
4,2019-09-27,2464,1.744,66,0.238
4,2019-09-28,10887,7.497,258,0.721
4,2019-09-29,7710,5.319,186,0.609
4,2019-09-30,4187,3.137,115,0.121
4,2019-10-01,7103,5.134,188,0.618
4,2019-10-02,7573,5.187,181,0.511
4,2019-10-03,7209,4.816,157,0.576
4,2019-10-04,4196,3.004,120,0.392
4,2019-10-05,9386,6.471,217,0.504
4,2019-10-06,6356,4.759,167,0.313
4,2019-10-07,7139,5.182,181,0.305
4,2019-10-08,8763,6.269,220,0.186
4,2019-10-09,10314,7.154,249,0.823
4,2019-10-10,8784,6.59,242,0.367
4,2019-10-11,7494,5.318,181,0.418
4,2019-10-12,7628,5.183,179,0.623
4,2019-10-13,7076,4.908,170,0.456
4,2019-10-14,13518,9.73,348,0.724
4,2019-10-15,4318,2.923,102,0.303
4,2019-10-16,13996,10.019,354,0.551
4,2019-10-17,3799,2.57,91,0.304
4,2019-10-18,6401,4.357,152,0.245
4,2019-10-19,2842,1.918,70,0.274
4,2019-10-20,9281,6.32,218,0.601
4,2019-10-21,10315,6.958,238,0.73
4,2019-10-22,10128,7.026,240,0.578
4,2019-10-23,5551,3.902,137,0.277
4,2019-10-24,10485,7.737,273,0.395
4,2019-10-25,7046,5.22,176,0.144
4,2019-10-26,9909,7.053,261,0.981
4,2019-10-27,14098,9.886,342,0.573
4,2019-10-28,10299,7.913,308,1.052
4,2019-10-29,10266,7.003,238,0.447
4,2019-10-30,11638,8.412,288,0.436
4,2019-10-31,2269,1.532,56,0.147
4,2019-11-01,5526,3.966,136,0.283
4,2019-11-02,11300,7.683,256,0.913
4,2019-11-03,12929,9.088,315,0.555
4,2019-11-04,6407,4.853,181,0.31
4,2019-11-05,6769,4.791,164,0.281
4,2019-11-06,2687,1.899,69,0.14
4,2019-11-07,863,0.558,26,0.14
4,2019-11-08,13100,9.178,325,0.778
4,2019-11-09,9088,6.238,212,0.527
4,2019-11-10,11640,8.111,279,0.559
4,2019-11-11,6584,4.746,171,0.351
4,2019-11-12,4105,2.956,111,0.196
4,2019-11-13,16251,11.547,403,0.633
4,2019-11-14,11271,7.841,269,0.594
4,2019-11-15,2320,1.672,63,0.232
4,2019-11-16,4570,3.121,112,0.404
4,2019-11-17,10391,7.151,236,0.628
4,2019-11-18,7676,5.558,202,0.253
4,2019-11-19,5748,4.18,162,0.486
4,2019-11-20,2605,1.849,69,0.163
4,2019-11-21,11112,7.763,281,0.972
4,2019-11-22,3691,2.761,116,0.957
4,2019-11-23,8670,6.028,211,0.588
4,2019-11-24,12548,8.388,279,0.992
4,2019-11-25,7884,5.527,188,0.38
4,2019-11-26,5718,3.962,140,0.449
4,2019-11-27,6570,4.869,179,0.262
4,2019-11-28,7477,5.109,168,0.464
4,2019-11-29,3561,2.471,91,0.181
4,2019-11-30,9637,6.75,231,0.661
4,2019-12-01,689,0.445,19,0.098
4,2019-12-02,8782,5.945,197,0.684
4,2019-12-03,11100,7.96,279,0.541
4,2019-12-04,10366,7.058,244,0.878
4,2019-12-05,7072,5.009,170,0.284
4,2019-12-06,2303,1.649,59,0.064
4,2019-12-07,1353,0.906,38,0.135
4,2019-12-08,9743,7.545,263,0.11
4,2019-12-09,12201,8.439,283,0.502
4,2019-12-10,9283,6.382,214,0.467
4,2019-12-11,13363,9.147,310,0.964
4,2019-12-12,3063,2.108,71,0.223
4,2019-12-13,10501,7.785,274,0.544
4,2019-12-14,16798,11.981,393,0.452
4,2019-12-15,20192,14.535,482,0.411
4,2019-12-16,22258,15.92,524,0.822
4,2019-12-17,4242,3.06,110,0.218
4,2019-12-18,10193,7.43,264,0.392
4,2019-12-19,8593,5.756,199,0.953
4,2019-12-20,4733,3.194,107,0.309
4,2019-12-21,9650,6.625,224,0.858
4,2019-12-22,8215,5.535,184,0.463
4,2019-12-23,3685,2.595,93,0.29
4,2019-12-24,1132,0.75,29,0.103
4,2019-12-25,1540,1.008,35,0.131
4,2019-12-26,8259,5.957,213,0.309
4,2019-12-27,7755,5.44,184,0.642
4,2019-12-28,24003,16.822,530,0.333
4,2019-12-29,25246,17.441,550,0.59
4,2019-12-30,15295,11.102,369,0.408
4,2019-12-31,2093,1.362,49,0.195
4,2020-01-01,9927,6.794,236,0.519
4,2020-01-02,25094,18.562,649,1.417
4,2020-01-03,15225,10.853,372,0.623
4,2020-01-04,18389,13.449,452,0.59
4,2020-01-05,17264,11.999,396,1.019
4,2020-01-06,8408,5.81,198,0.484
4,2020-01-07,8419,5.753,181,0.328
4,2020-01-08,5013,3.486,123,0.39
4,2020-01-09,2870,1.908,66,0.174
4,2020-01-10,10160,7.749,259,0.181
4,2020-01-11,11940,8.964,294,0.321
4,2020-01-12,9756,6.7,220,0.619
4,2020-01-13,11308,7.879,278,1.071
4,2020-01-14,4952,3.567,130,0.222
4,2020-01-15,1881,1.367,48,0.037
4,2020-01-16,4626,3.233,113,0.686
4,2020-01-17,3456,2.421,86,0.204
4,2020-01-18,691,0.448,17,0.048
4,2020-01-19,8308,5.662,193,0.977
4,2020-01-20,9974,6.755,225,0.759
4,2020-01-21,4815,3.478,144,1.337
4,2020-01-22,8249,6.285,232,0.194
4,2020-01-23,5052,3.458,115,0.31
4,2020-01-24,1441,0.931,34,0.112
4,2020-01-25,11246,8.59,292,0.202
4,2020-01-26,9607,6.576,227,0.678
4,2020-01-27,6581,4.583,155,0.824
4,2020-01-28,2480,1.647,58,0.26
4,2020-01-29,8430,5.836,200,0.421
4,2020-01-30,12381,8.549,284,0.683
4,2020-01-31,8678,6.347,224,0.176
4,2020-02-01,1473,1.017,36,0.147
4,2020-02-02,8936,6.053,204,0.868
4,2020-02-03,10061,7.04,247,0.723
4,2020-02-04,6361,4.557,161,0.372
4,2020-02-05,6456,4.767,177,0.34
4,2020-02-06,4681,3.333,118,0.178
4,2020-02-07,7922,5.991,200,0.105
4,2020-02-08,6470,4.328,139,0.501
4,2020-02-09,9012,6.167,207,0.538
4,2020-02-10,8896,6.482,231,0.353
4,2020-02-11,2149,1.547,55,0.129
4,2020-02-12,10525,7.445,256,0.656
4,2020-02-13,10985,9.161,438,4.77
4,2020-02-14,11345,8.062,281,0.565
4,2020-02-15,2580,1.731,60,0.271
4,2020-02-16,9038,6.06,198,0.561
4,2020-02-17,7874,6.31,295,3.208
4,2020-02-18,3347,2.4,83,0.098
4,2020-02-19,2340,1.668,59,0.1
4,2020-02-20,5085,3.623,128,0.269
4,2020-02-21,7991,5.731,209,1.267
4,2020-02-22,10862,7.553,259,0.504
4,2020-02-23,7667,5.061,175,0.577
4,2020-02-24,8624,5.939,207,0.487
4,2020-02-25,10422,7.135,233,0.607
4,2020-02-26,10574,7.551,255,0.418
4,2020-02-27,3678,2.575,97,0.256
4,2020-02-28,290,0.187,8,0.049
4,2020-02-29,9879,7.038,239,0.475
4,2020-03-01,16030,11.733,387,0.142
4,2020-03-02,8018,5.793,204,0.538
4,2020-03-03,6619,4.662,164,0.285
4,2020-03-04,7094,5.011,178,0.151
4,2020-03-05,8793,6.461,230,0.281
4,2020-03-06,8251,5.854,199,0.354
4,2020-03-07,10404,7.984,267,0.222
4,2020-03-08,445,0.288,12,0.069
4,2020-03-09,6714,4.706,162,0.223
4,2020-03-10,9894,6.86,242,0.594
4,2020-03-11,13369,9.962,351,0.495
4,2020-03-12,10908,7.499,249,0.628
4,2020-03-13,9717,6.687,229,0.735
4,2020-03-14,5487,3.663,118,0.65
4,2020-03-15,8465,5.566,190,0.825
4,2020-03-16,7812,5.328,182,0.393
4,2020-03-17,3513,2.492,85,0.195
4,2020-03-18,6326,4.474,156,0.309
4,2020-03-19,9415,6.506,218,0.769
4,2020-03-20,8694,6.166,203,0.26
4,2020-03-21,7636,5.991,269,2.66
4,2020-03-22,8741,5.898,198,0.485
4,2020-03-23,3996,2.753,98,0.25
4,2020-03-24,6798,4.537,153,0.498
4,2020-03-25,10691,7.613,261,0.753
4,2020-03-26,7427,5.108,181,0.857
4,2020-03-27,2519,1.693,56,0.154
4,2020-03-28,998,0.645,25,0.068
4,2020-03-29,6838,4.502,144,0.405
4,2020-03-30,10034,6.862,232,0.875
4,2020-03-31,9920,6.858,225,0.531
4,2020-04-01,2927,1.981,75,0.32
4,2020-04-02,2734,1.878,69,0.176
4,2020-04-03,2306,1.555,55,0.069
4,2020-04-04,9290,6.21,203,0.718
4,2020-04-05,7911,5.324,177,0.564
4,2020-04-06,7535,5.043,163,0.575
4,2020-04-07,2299,1.533,49,0.137
4,2020-04-08,13651,10.641,455,3.774
4,2020-04-09,9995,7.652,267,0.175
4,2020-04-10,10085,7.819,266,0.138
4,2020-04-11,1576,1.043,36,0.142
4,2020-04-12,9451,7.328,248,0.154
4,2020-04-13,5696,4.955,269,3.81
4,2020-04-14,4081,2.664,100,0.31
4,2020-04-15,1656,1.07,39,0.17
4,2020-04-16,2812,1.878,70,0.201
4,2020-04-17,7960,6.728,348,4.229
4,2020-04-18,3040,2.089,81,0.385
4,2020-04-19,4385,2.925,96,0.395
4,2020-04-20,8760,6.021,208,1.026
4,2020-04-21,10300,7.744,269,0.356
4,2020-04-22,4908,3.588,135,0.096
4,2020-04-23,5218,3.459,122,0.309
4,2020-04-24,8387,5.647,192,0.626
4,2020-04-25,3462,2.368,84,0.331
4,2020-04-26,10243,6.956,233,0.504
4,2020-04-27,9921,6.809,235,0.735
4,2020-04-28,8042,5.584,188,0.374
4,2020-04-29,3208,2.201,70,0.292
4,2020-04-30,1237,0.8,33,0.146
4,2020-05-01,2263,1.491,53,0.136
4,2020-05-02,8791,5.989,205,0.711
4,2020-05-03,9149,6.287,218,0.733
4,2020-05-04,7248,4.939,171,0.802
4,2020-05-05,5036,3.519,125,0.492
4,2020-05-06,7735,5.365,185,0.499
4,2020-05-07,2534,1.771,68,0.169
4,2020-05-08,7144,4.829,174,0.62
4,2020-05-09,7053,4.75,161,0.368
4,2020-05-10,8820,6.067,209,0.565
4,2020-05-11,3582,2.616,95,0.162
4,2020-05-12,9219,7.068,245,0.176
4,2020-05-13,7805,5.219,171,0.726
4,2020-05-14,2871,1.917,67,0.526
4,2020-05-15,10195,7.012,241,1.192
4,2020-05-16,1763,1.14,43,0.159
4,2020-05-17,6429,4.305,148,0.569
4,2020-05-18,3929,2.69,92,0.505
4,2020-05-19,8874,6.171,205,0.458
4,2020-05-20,3358,2.295,74,0.167
4,2020-05-21,4609,3.045,105,0.353
4,2020-05-22,7722,6.083,264,2.309
4,2020-05-23,7234,4.887,162,0.35
4,2020-05-24,7930,5.305,172,0.682
4,2020-05-25,9923,6.825,227,0.826
4,2020-05-26,7442,6.184,284,3.053
4,2020-05-27,2306,1.555,62,0.305
4,2020-05-28,3346,2.181,78,0.372
4,2020-05-29,9217,7.328,306,2.578
4,2020-05-30,9130,6.216,212,0.59
4,2020-05-31,7088,4.689,160,0.554
4,2020-06-01,11182,7.499,244,0.78
4,2020-06-02,4198,2.756,95,0.345
4,2020-06-03,5498,3.929,132,0.355
4,2020-06-04,3489,2.304,77,0.166
4,2020-06-05,9785,7.379,247,0.17
4,2020-06-06,63,0.041,2,0
4,2020-06-07,0,0,0,0
4,2020-06-09,153,0.099,4,0.009
4,2020-06-13,7790,5.163,164,0.575
4,2020-06-14,6156,4.166,142,0.453
4,2020-06-15,8833,6.843,279,2.218
4,2020-06-16,3019,2.227,82,0.138
4,2020-06-17,11576,8.656,346,2.211
4,2020-06-18,4097,2.688,90,0.221
4,2020-06-19,7103,4.862,161,0.301
4,2020-06-20,8835,6.013,198,0.624
4,2020-06-21,7465,4.988,164,0.542
4,2020-06-22,9415,6.39,213,0.556
4,2020-06-23,2623,1.728,58,0.231
4,2020-06-24,145,0.094,4,0.024
4,2020-06-25,10093,7.422,255,0.257
4,2020-06-26,2672,1.746,60,0.165
4,2020-06-27,15661,11.659,450,2.724
4,2020-06-28,6730,4.465,152,0.473
4,2020-06-29,10088,6.984,232,0.595
4,2020-06-30,7257,5.839,256,2.136
4,2020-07-01,3382,2.374,87,0.238
4,2020-07-02,6161,5.257,264,3.075
4,2020-07-03,8266,5.752,193,0.415
4,2020-07-04,6441,4.246,147,0.763
4,2020-07-05,5967,4.055,141,0.393
4,2020-07-06,2163,1.425,49,0.167
4,2020-07-07,2297,1.52,51,0.192
4,2020-07-08,1154,0.746,25,0.108
4,2020-07-09,9316,7.078,241,0.249
4,2020-07-10,1349,0.926,34,0.062
4,2020-07-11,5282,4.532,236,2.849
4,2020-07-12,1130,0.738,30,0.16
4,2020-07-13,8962,6.164,213,0.788
4,2020-07-14,6041,4.535,163,0.597
4,2020-07-15,542,0.35,13,0.032
4,2020-07-16,2873,1.911,66,0.14
4,2020-07-17,1085,0.701,27,0.119
4,2020-07-18,6976,4.735,153,0.523
4,2020-07-19,7955,5.339,179,0.586
4,2020-07-20,12171,8.591,280,0.682
4,2020-07-21,1954,1.296,44,0.093
4,2020-07-22,3135,2.053,73,0.166
4,2020-07-23,2492,1.666,61,0.247
4,2020-07-24,6233,4.456,152,0.379
4,2020-07-25,6958,4.669,158,0.676
4,2020-07-26,9690,6.628,224,1.114
4,2020-07-27,3675,2.512,86,0.233
4,2020-07-28,1595,1.046,38,0.149
4,2020-07-29,6531,4.491,149,1.054
4,2020-07-30,10981,7.477,257,0.218
4,2020-07-31,8228,5.531,174,0.421
4,2020-08-01,7254,4.941,165,0.68
4,2020-08-02,8865,5.991,192,0.764
4,2020-08-03,8648,5.898,201,0.579
4,2020-08-04,3136,2.256,75,0.406
4,2020-08-05,1762,1.222,44,0.098
4,2020-08-06,2213,1.528,54,0.134
4,2020-08-07,6532,4.544,152,0.595
4,2020-08-08,3172,2.091,71,0.189
4,2020-08-09,7408,5.078,158,0.452
4,2020-08-10,8456,5.724,182,0.517
4,2020-08-11,7792,5.664,191,0.22
4,2020-08-12,7789,5.532,189,0.443
4,2020-08-13,1968,1.38,45,0.096
