id,date,time,heart_rate
5,2018-09-29,13:02,85
5,2018-09-29,13:03,74
5,2018-09-29,13:04,61
5,2018-09-29,13:06,77
5,2018-09-29,13:10,103
5,2018-09-29,13:23,64
5,2018-09-29,13:35,71
5,2018-09-29,14:01,77
5,2018-09-29,14:55,72
5,2018-09-29,14:56,97
5,2018-09-29,16:37,70
5,2018-09-29,20:48,91
5,2018-09-29,21:27,90
5,2018-09-29,21:42,65
5,2018-09-30,01:20,63
5,2018-09-30,01:47,75
5,2018-09-30,10:05,57
5,2018-09-30,12:10,58
5,2018-09-30,12:48,70
5,2018-09-30,13:22,72
5,2018-09-30,14:44,81
5,2018-09-30,19:24,104
5,2018-09-30,22:02,94
5,2018-10-01,09:02,72
5,2018-10-01,09:59,68
5,2018-10-01,10:00,74
5,2018-10-01,11:44,81
5,2018-10-01,12:31,94
5,2018-10-01,13:30,84
5,2018-10-01,17:58,84
5,2018-10-01,17:59,64
5,2018-10-01,18:00,63
5,2018-10-01,20:19,69
5,2018-10-01,20:47,67
5,2018-10-02,17:18,80
5,2018-10-02,19:19,65
5,2018-10-02,19:20,59
5,2018-10-03,11:14,79
5,2018-10-03,13:12,72
5,2018-10-03,13:13,78
5,2018-10-03,16:20,106
5,2018-10-03,20:37,84
5,2018-10-03,20:57,80
5,2018-10-04,11:49,71
5,2018-10-05,18:13,74
5,2018-10-05,20:48,89
5,2018-10-05,20:49,84
5,2018-10-07,10:45,51
5,2018-10-07,10:47,71
5,2018-10-07,11:50,54
5,2018-10-07,12:59,58
5,2018-10-07,13:00,58
5,2018-10-08,12:39,85
5,2018-10-08,13:52,106
5,2018-10-08,16:30,90
5,2018-10-11,21:23,61
5,2018-10-11,21:25,76
5,2018-10-13,11:00,61
5,2018-10-13,15:04,70
5,2018-10-13,15:05,80
5,2018-10-15,21:04,53
5,2018-10-15,21:05,73
5,2018-10-27,16:17,70
5,2018-10-27,18:36,74
5,2018-11-07,19:40,85
5,2018-11-11,11:04,65
5,2018-11-19,16:40,70
5,2018-11-19,16:41,77
5,2018-11-21,15:43,84
5,2018-11-21,15:44,86
5,2018-11-24,11:20,57
5,2018-11-30,18:18,68
5,2018-11-30,18:19,68
5,2018-11-30,18:20,70
5,2018-11-30,18:22,66
5,2018-11-30,18:32,71
5,2018-11-30,19:14,96
5,2018-11-30,19:18,135
5,2018-11-30,19:32,78
5,2018-11-30,20:08,84
5,2019-01-03,18:36,70
5,2019-01-03,18:37,70
5,2019-01-12,12:56,78
5,2019-01-12,12:57,79
5,2019-01-15,14:57,88
5,2019-01-22,18:03,84
5,2019-01-24,13:45,73
5,2019-01-24,13:46,75
5,2019-01-24,13:47,79
5,2019-02-04,19:07,67
5,2019-02-05,15:56,70
5,2019-02-05,15:57,83
5,2019-02-14,10:54,75
5,2019-02-14,12:01,89
5,2019-02-14,12:02,91
5,2019-02-14,12:03,91
5,2019-02-14,12:05,91
5,2019-02-14,12:06,88
5,2019-02-14,15:45,74
5,2019-02-14,18:10,70
5,2019-02-14,18:11,72
5,2019-02-15,16:30,96
5,2019-02-15,16:32,91
5,2019-08-13,11:12,66
5,2019-08-13,11:31,102
5,2019-08-13,11:41,59
5,2019-08-13,11:51,53
5,2019-08-13,12:01,60
5,2019-08-13,12:02,65
5,2019-08-13,12:11,78
5,2019-08-13,12:41,67
5,2019-08-13,12:51,71
5,2019-08-13,13:11,71
5,2019-08-13,13:21,65
5,2019-08-13,14:21,82
5,2019-08-13,14:41,94
5,2019-08-13,14:51,83
5,2019-08-13,15:01,87
5,2019-08-13,15:11,69
5,2019-08-13,15:41,106
5,2019-08-13,15:51,91
5,2019-08-13,16:01,49
5,2019-08-13,16:11,68
5,2019-08-13,16:21,85
5,2019-08-13,16:31,115
5,2019-08-13,16:41,75
5,2019-08-13,16:51,90
5,2019-08-13,17:01,87
5,2019-08-13,17:11,93
5,2019-08-13,17:21,64
5,2019-08-13,17:31,53
5,2019-08-13,17:41,57
5,2019-08-13,18:01,59
5,2019-08-13,18:11,89
5,2019-08-13,18:31,80
5,2019-08-13,18:41,74
5,2019-08-13,19:11,104
5,2019-08-13,19:21,74
5,2019-08-13,19:31,74
5,2019-08-13,19:41,87
5,2019-08-13,19:51,75
5,2019-08-13,20:01,89
5,2019-08-13,20:31,50
5,2019-08-13,21:31,61
5,2019-08-13,22:01,97
5,2019-08-13,22:31,79
5,2019-08-13,23:01,95
5,2019-08-13,23:31,65
5,2019-08-14,00:01,69
5,2019-08-14,00:31,81
5,2019-08-14,01:01,60
5,2019-08-14,01:31,63
5,2019-08-14,02:01,81
5,2019-08-14,03:00,56
5,2019-08-14,03:02,58
5,2019-08-14,03:04,55
5,2019-08-14,03:06,58
5,2019-08-14,03:08,60
5,2019-08-14,03:10,62
5,2019-08-14,03:12,60
5,2019-08-14,03:14,55
5,2019-08-14,03:16,55
5,2019-08-14,03:18,57
5,2019-08-14,03:20,57
5,2019-08-14,03:22,58
5,2019-08-14,03:24,52
5,2019-08-14,03:26,49
5,2019-08-14,03:28,57
5,2019-08-14,03:30,60
5,2019-08-14,03:32,59
5,2019-08-14,03:34,63
5,2019-08-14,03:36,52
5,2019-08-14,03:38,57
5,2019-08-14,03:40,51
5,2019-08-14,03:42,57
5,2019-08-14,03:44,58
5,2019-08-14,03:46,51
5,2019-08-14,03:48,68
5,2019-08-14,03:50,51
5,2019-08-14,03:56,56
5,2019-08-14,03:58,60
5,2019-08-14,04:00,59
5,2019-08-14,04:04,56
5,2019-08-14,04:06,53
5,2019-08-14,04:08,52
5,2019-08-14,04:10,54
5,2019-08-14,04:12,53
5,2019-08-14,04:14,57
5,2019-08-14,04:16,50
5,2019-08-14,04:18,51
5,2019-08-14,04:22,66
5,2019-08-14,04:24,51
5,2019-08-14,04:28,61
5,2019-08-14,04:30,58
5,2019-08-14,04:32,64
5,2019-08-14,04:34,61
5,2019-08-14,04:36,55
5,2019-08-14,04:38,63
5,2019-08-14,04:40,57
5,2019-08-14,04:42,61
5,2019-08-14,04:44,57
5,2019-08-14,04:46,47
5,2019-08-14,04:48,53
5,2019-08-14,04:50,50
5,2019-08-14,04:52,57
5,2019-08-14,04:54,59
5,2019-08-14,04:56,51
5,2019-08-14,04:58,50
5,2019-08-14,05:00,54
5,2019-08-14,05:02,62
5,2019-08-14,05:04,56
5,2019-08-14,05:06,52
5,2019-08-14,05:08,51
5,2019-08-14,05:10,56
5,2019-08-14,05:12,58
5,2019-08-14,05:14,66
5,2019-08-14,05:16,50
5,2019-08-14,05:18,53
5,2019-08-14,05:20,58
5,2019-08-14,05:22,55
5,2019-08-14,05:24,49
5,2019-08-14,05:26,52
5,2019-08-14,05:28,55
5,2019-08-14,05:30,58
5,2019-08-14,05:32,53
5,2019-08-14,05:34,74
5,2019-08-14,05:36,68
5,2019-08-14,05:38,47
5,2019-08-14,05:40,48
5,2019-08-14,05:42,52
5,2019-08-14,05:44,53
5,2019-08-14,05:46,56
5,2019-08-14,05:48,54
5,2019-08-14,05:50,52
5,2019-08-14,05:52,50
5,2019-08-14,05:54,55
5,2019-08-14,05:56,50
5,2019-08-14,05:58,53
5,2019-08-14,06:00,53
5,2019-08-14,06:02,57
5,2019-08-14,06:04,53
5,2019-08-14,06:16,51
5,2019-08-14,06:18,57
5,2019-08-14,06:20,53
5,2019-08-14,06:22,57
5,2019-08-14,06:24,55
5,2019-08-14,06:26,57
5,2019-08-14,06:28,58
5,2019-08-14,06:30,58
5,2019-08-14,06:34,54
5,2019-08-14,06:36,56
5,2019-08-14,06:38,59
5,2019-08-14,06:42,56
5,2019-08-14,06:44,56
5,2019-08-14,06:46,61
5,2019-08-14,06:48,74
5,2019-08-14,06:50,60
5,2019-08-14,06:52,49
5,2019-08-14,06:54,55
5,2019-08-14,06:56,72
5,2019-08-14,06:58,56
5,2019-08-14,07:00,55
5,2019-08-14,07:02,60
5,2019-08-14,07:04,57
5,2019-08-14,07:06,55
5,2019-08-14,07:08,60
5,2019-08-14,07:12,50
5,2019-08-14,07:14,62
5,2019-08-14,07:16,54
5,2019-08-14,07:18,55
5,2019-08-14,07:20,54
5,2019-08-14,07:22,57
5,2019-08-14,07:24,56
5,2019-08-14,07:26,52
5,2019-08-14,07:28,54
5,2019-08-14,07:30,51
5,2019-08-14,07:32,58
5,2019-08-14,07:34,52
5,2019-08-14,07:36,53
5,2019-08-14,07:38,58
5,2019-08-14,07:40,63
5,2019-08-14,07:42,56
5,2019-08-14,07:44,61
5,2019-08-14,07:46,56
5,2019-08-14,07:48,52
5,2019-08-14,07:50,59
5,2019-08-14,07:52,49
5,2019-08-14,07:56,55
5,2019-08-14,07:58,49
5,2019-08-14,09:16,51
5,2019-08-14,09:48,50
5,2019-08-14,10:18,56
5,2019-08-14,10:48,78
5,2019-08-14,11:18,69
5,2019-08-14,13:13,103
5,2019-08-14,13:48,75
5,2019-08-14,14:18,70
5,2019-08-14,14:48,110
5,2019-08-14,15:48,56
5,2019-08-14,16:18,66
5,2019-08-14,16:48,85
5,2019-08-14,17:07,69
5,2019-08-14,17:09,68
5,2019-08-14,17:11,68
5,2019-08-14,17:13,72
5,2019-08-14,17:15,67
5,2019-08-14,17:17,71
5,2019-08-14,17:19,70
5,2019-08-14,17:21,68
5,2019-08-14,17:31,68
5,2019-08-14,18:01,61
5,2019-08-14,18:31,59
5,2019-08-14,19:31,73
5,2019-08-14,20:31,79
5,2019-08-14,21:01,80
5,2019-08-14,21:31,80
5,2019-08-14,22:01,88
5,2019-08-14,23:01,64
5,2019-08-14,23:31,71
5,2019-08-15,00:01,59
5,2019-08-15,00:31,70
5,2019-08-15,01:01,78
5,2019-08-15,01:31,79
5,2019-08-15,02:01,70
5,2019-08-15,02:31,63
5,2019-08-15,02:59,55
5,2019-08-15,03:01,50
5,2019-08-15,03:03,55
5,2019-08-15,03:05,59
5,2019-08-15,03:07,56
5,2019-08-15,03:09,58
5,2019-08-15,03:11,59
5,2019-08-15,03:13,66
5,2019-08-15,03:15,59
5,2019-08-15,03:17,63
5,2019-08-15,03:19,63
5,2019-08-15,03:21,57
5,2019-08-15,03:23,58
5,2019-08-15,03:25,61
5,2019-08-15,03:27,59
5,2019-08-15,03:29,62
5,2019-08-15,03:31,62
5,2019-08-15,03:33,58
5,2019-08-15,03:35,58
5,2019-08-15,03:37,59
5,2019-08-15,03:39,66
5,2019-08-15,03:41,61
5,2019-08-15,03:43,59
5,2019-08-15,03:45,65
5,2019-08-15,03:49,57
5,2019-08-15,03:51,65
5,2019-08-15,03:53,69
5,2019-08-15,03:55,54
5,2019-08-15,03:57,51
5,2019-08-15,03:59,57
5,2019-08-15,04:01,52
5,2019-08-15,04:03,58
5,2019-08-15,04:05,62
5,2019-08-15,04:07,62
5,2019-08-15,04:09,55
5,2019-08-15,04:11,54
5,2019-08-15,04:13,60
5,2019-08-15,04:15,54
5,2019-08-15,04:17,50
5,2019-08-15,04:19,66
5,2019-08-15,04:21,65
5,2019-08-15,04:23,57
5,2019-08-15,04:25,56
5,2019-08-15,04:27,51
5,2019-08-15,04:29,56
5,2019-08-15,04:31,53
5,2019-08-15,04:33,48
5,2019-08-15,04:35,49
5,2019-08-15,04:37,57
5,2019-08-15,04:39,52
5,2019-08-15,04:41,52
5,2019-08-15,04:43,54
5,2019-08-15,04:45,51
5,2019-08-15,04:47,51
5,2019-08-15,04:49,51
5,2019-08-15,04:51,51
5,2019-08-15,04:53,49
5,2019-08-15,04:55,53
5,2019-08-15,04:57,52
5,2019-08-15,04:59,51
5,2019-08-15,05:01,51
5,2019-08-15,05:03,50
5,2019-08-15,05:05,53
5,2019-08-15,05:07,54
5,2019-08-15,05:09,53
5,2019-08-15,05:11,56
5,2019-08-15,05:13,55
5,2019-08-15,05:15,60
5,2019-08-15,05:17,54
5,2019-08-15,05:19,53
5,2019-08-15,05:21,55
5,2019-08-15,05:23,55
5,2019-08-15,05:25,54
5,2019-08-15,05:27,48
5,2019-08-15,05:29,55
5,2019-08-15,05:31,55
5,2019-08-15,05:33,58
5,2019-08-15,05:35,54
5,2019-08-15,05:37,57
5,2019-08-15,05:39,66
5,2019-08-15,05:41,53
5,2019-08-15,05:43,61
5,2019-08-15,05:45,53
5,2019-08-15,05:47,58
5,2019-08-15,05:49,52
5,2019-08-15,05:51,61
5,2019-08-15,05:53,69
5,2019-08-15,05:55,54
5,2019-08-15,05:57,52
5,2019-08-15,05:59,56
5,2019-08-15,06:01,53
5,2019-08-15,06:03,68
5,2019-08-15,06:05,55
5,2019-08-15,06:07,54
5,2019-08-15,06:09,54
5,2019-08-15,06:11,69
5,2019-08-15,06:13,53
5,2019-08-15,06:15,52
5,2019-08-15,06:17,56
5,2019-08-15,06:19,60
5,2019-08-15,06:21,54
5,2019-08-15,06:23,52
5,2019-08-15,06:25,53
5,2019-08-15,06:27,60
5,2019-08-15,06:29,61
5,2019-08-15,06:33,51
5,2019-08-15,06:37,55
5,2019-08-15,06:39,52
5,2019-08-15,06:41,47
5,2019-08-15,06:43,63
5,2019-08-15,06:45,58
5,2019-08-15,06:49,54
5,2019-08-15,06:51,55
5,2019-08-15,06:53,69
5,2019-08-15,06:55,53
5,2019-08-15,06:59,60
5,2019-08-15,07:01,55
5,2019-08-15,07:05,72
5,2019-08-15,07:09,52
5,2019-08-15,07:13,48
5,2019-08-15,07:15,47
5,2019-08-15,07:17,51
5,2019-08-15,07:19,47
5,2019-08-15,07:27,89
5,2019-08-15,07:31,68
5,2019-08-15,07:33,91
5,2019-08-15,07:35,57
5,2019-08-15,07:39,51
5,2019-08-15,07:41,47
5,2019-08-15,07:43,52
5,2019-08-15,07:49,69
5,2019-08-15,07:51,64
5,2019-08-15,07:57,63
5,2019-08-15,07:59,54
5,2019-08-15,08:03,56
5,2019-08-15,08:19,67
5,2019-08-15,08:21,53
5,2019-08-15,08:23,63
5,2019-08-15,08:25,59
5,2019-08-15,08:27,51
5,2019-08-15,08:29,61
5,2019-08-15,08:31,55
5,2019-08-15,08:33,62
5,2019-08-15,08:35,64
5,2019-08-15,08:37,62
5,2019-08-15,08:41,60
5,2019-08-15,08:43,57
5,2019-08-15,08:45,60
5,2019-08-15,08:51,63
5,2019-08-15,08:53,64
5,2019-08-15,09:09,50
5,2019-08-15,09:11,59
5,2019-08-15,09:13,61
5,2019-08-15,09:15,56
5,2019-08-15,09:17,53
5,2019-08-15,09:19,57
5,2019-08-15,09:21,73
5,2019-08-15,09:23,54
5,2019-08-15,09:25,57
5,2019-08-15,09:27,62
5,2019-08-15,09:29,56
5,2019-08-15,09:31,64
5,2019-08-15,09:33,60
5,2019-08-15,09:35,64
5,2019-08-15,09:37,63
5,2019-08-15,09:39,63
5,2019-08-15,09:41,63
5,2019-08-15,09:43,59
5,2019-08-15,09:45,64
5,2019-08-15,09:47,63
5,2019-08-15,09:49,67
5,2019-08-15,09:51,62
5,2019-08-15,09:53,61
5,2019-08-15,09:55,61
5,2019-08-15,09:57,66
5,2019-08-15,09:59,60
5,2019-08-15,10:01,66
5,2019-08-15,10:03,61
5,2019-08-15,10:05,64
5,2019-08-15,10:07,65
5,2019-08-15,10:09,64
5,2019-08-15,10:11,87
5,2019-08-15,10:13,80
5,2019-08-15,10:15,91
5,2019-08-15,10:17,64
5,2019-08-15,10:19,76
5,2019-08-15,10:21,76
5,2019-08-15,10:33,69
5,2019-08-15,10:35,61
5,2019-08-15,10:37,50
5,2019-08-15,10:45,62
5,2019-08-15,10:47,56
5,2019-08-15,10:49,56
5,2019-08-15,10:51,69
5,2019-08-15,10:53,64
5,2019-08-15,10:55,65
5,2019-08-15,10:57,68
5,2019-08-15,11:01,60
5,2019-08-15,11:05,72
5,2019-08-15,11:11,91
5,2019-08-15,11:41,57
5,2019-08-15,12:11,64
5,2019-08-15,13:11,48
5,2019-08-15,13:41,79
5,2019-08-15,14:11,96
5,2019-08-15,14:41,68
5,2019-08-15,15:11,103
5,2019-08-15,15:22,73
5,2019-08-15,15:24,69
5,2019-08-15,15:26,72
5,2019-08-15,15:28,76
5,2019-08-15,15:30,72
5,2019-08-15,15:32,71
5,2019-08-15,15:34,76
5,2019-08-15,15:36,75
5,2019-08-15,15:38,65
5,2019-08-15,15:40,69
5,2019-08-15,15:42,77
5,2019-08-15,15:44,70
5,2019-08-15,15:46,64
5,2019-08-15,15:48,73
5,2019-08-15,15:50,77
5,2019-08-15,15:52,78
5,2019-08-15,15:54,76
5,2019-08-15,15:56,71
5,2019-08-15,15:58,75
5,2019-08-15,16:00,71
5,2019-08-15,16:02,74
5,2019-08-15,16:04,70
5,2019-08-15,16:06,74
5,2019-08-15,16:08,88
5,2019-08-15,16:10,61
5,2019-08-15,16:12,70
5,2019-08-15,16:14,73
5,2019-08-15,16:16,55
5,2019-08-15,16:18,115
5,2019-08-15,16:20,81
5,2019-08-15,16:22,92
5,2019-08-15,17:12,63
5,2019-08-15,17:14,65
5,2019-08-15,17:16,68
5,2019-08-15,17:18,68
5,2019-08-15,17:20,61
5,2019-08-15,17:22,62
5,2019-08-15,17:24,54
5,2019-08-15,17:26,56
5,2019-08-15,17:28,55
5,2019-08-15,17:30,58
5,2019-08-15,17:32,63
5,2019-08-15,17:34,85
5,2019-08-15,17:36,55
5,2019-08-15,17:38,73
5,2019-08-15,17:40,99
5,2019-08-15,18:10,81
5,2019-08-15,18:40,66
5,2019-08-15,19:40,79
5,2019-08-15,20:10,92
5,2019-08-15,20:40,94
5,2019-08-15,21:10,90
5,2019-08-15,22:10,53
5,2019-08-15,23:40,77
5,2019-08-16,00:10,70
5,2019-08-16,00:40,106
5,2019-08-16,01:10,75
5,2019-08-16,01:40,78
5,2019-08-16,02:10,74
5,2019-08-16,02:30,88
5,2019-08-16,02:40,80
5,2019-08-16,03:10,73
5,2019-08-16,03:31,60
5,2019-08-16,03:33,60
5,2019-08-16,03:35,59
5,2019-08-16,03:37,60
5,2019-08-16,03:39,63
5,2019-08-16,03:41,60
5,2019-08-16,03:43,60
5,2019-08-16,03:45,63
5,2019-08-16,03:47,59
5,2019-08-16,03:49,56
5,2019-08-16,03:51,59
5,2019-08-16,03:53,57
5,2019-08-16,03:55,59
5,2019-08-16,03:57,59
5,2019-08-16,03:59,54
5,2019-08-16,04:01,62
5,2019-08-16,04:03,63
5,2019-08-16,04:05,51
5,2019-08-16,04:07,56
5,2019-08-16,04:09,54
5,2019-08-16,04:11,54
5,2019-08-16,04:13,59
5,2019-08-16,04:15,62
5,2019-08-16,04:17,61
5,2019-08-16,04:19,54
5,2019-08-16,04:21,58
5,2019-08-16,04:23,58
5,2019-08-16,04:25,57
5,2019-08-16,04:27,57
5,2019-08-16,04:29,51
5,2019-08-16,04:31,57
5,2019-08-16,04:33,54
5,2019-08-16,04:35,57
5,2019-08-16,04:37,58
5,2019-08-16,04:39,57
5,2019-08-16,04:41,54
5,2019-08-16,04:43,52
5,2019-08-16,04:45,59
5,2019-08-16,04:47,50
5,2019-08-16,04:49,60
5,2019-08-16,04:51,57
5,2019-08-16,04:53,58
5,2019-08-16,04:55,57
5,2019-08-16,04:57,69
5,2019-08-16,04:59,56
5,2019-08-16,05:01,53
5,2019-08-16,05:03,53
5,2019-08-16,05:05,55
5,2019-08-16,05:07,55
5,2019-08-16,05:09,57
5,2019-08-16,05:11,51
5,2019-08-16,05:13,53
5,2019-08-16,05:15,50
5,2019-08-16,05:17,56
5,2019-08-16,05:19,54
5,2019-08-16,05:21,56
5,2019-08-16,05:23,56
5,2019-08-16,05:25,55
5,2019-08-16,05:27,58
5,2019-08-16,05:29,57
5,2019-08-16,05:31,55
5,2019-08-16,05:33,55
5,2019-08-16,05:35,55
5,2019-08-16,05:37,55
5,2019-08-16,05:39,54
5,2019-08-16,05:41,54
5,2019-08-16,05:43,59
5,2019-08-16,05:45,57
5,2019-08-16,05:47,52
5,2019-08-16,05:49,81
5,2019-08-16,05:51,54
5,2019-08-16,05:53,57
5,2019-08-16,05:55,55
5,2019-08-16,05:57,52
5,2019-08-16,05:59,56
5,2019-08-16,06:01,57
5,2019-08-16,06:03,54
5,2019-08-16,06:05,52
5,2019-08-16,06:07,49
5,2019-08-16,06:09,49
5,2019-08-16,06:11,49
5,2019-08-16,06:13,52
5,2019-08-16,06:15,49
5,2019-08-16,06:17,53
5,2019-08-16,06:19,53
5,2019-08-16,06:21,60
5,2019-08-16,06:23,51
5,2019-08-16,06:25,58
5,2019-08-16,06:27,54
5,2019-08-16,06:29,51
5,2019-08-16,06:35,57
5,2019-08-16,06:37,49
5,2019-08-16,06:39,63
5,2019-08-16,06:41,54
5,2019-08-16,06:43,49
5,2019-08-16,06:45,47
5,2019-08-16,06:47,58
5,2019-08-16,06:49,55
5,2019-08-16,06:51,56
5,2019-08-16,06:53,47
5,2019-08-16,06:59,56
5,2019-08-16,07:01,56
5,2019-08-16,07:03,51
5,2019-08-16,07:05,55
5,2019-08-16,07:07,51
5,2019-08-16,07:09,50
5,2019-08-16,07:11,54
5,2019-08-16,07:13,54
5,2019-08-16,07:15,49
5,2019-08-16,07:17,56
5,2019-08-16,07:19,54
5,2019-08-16,07:21,49
5,2019-08-16,07:23,49
5,2019-08-16,07:25,50
5,2019-08-16,07:27,54
5,2019-08-16,07:29,54
5,2019-08-16,07:31,53
5,2019-08-16,07:33,51
5,2019-08-16,07:35,53
5,2019-08-16,07:37,56
5,2019-08-16,07:39,49
5,2019-08-16,07:41,56
5,2019-08-16,07:43,60
5,2019-08-16,07:45,58
5,2019-08-16,07:47,51
5,2019-08-16,07:49,50
5,2019-08-16,07:51,56
5,2019-08-16,07:57,52
5,2019-08-16,07:59,47
5,2019-08-16,08:01,47
5,2019-08-16,08:03,51
5,2019-08-16,08:05,52
5,2019-08-16,08:07,50
5,2019-08-16,08:09,52
5,2019-08-16,08:11,54
5,2019-08-16,08:13,49
5,2019-08-16,08:15,62
5,2019-08-16,08:17,57
5,2019-08-16,08:19,59
5,2019-08-16,08:21,61
5,2019-08-16,08:23,60
5,2019-08-16,08:25,59
5,2019-08-16,08:27,57
5,2019-08-16,08:29,73
5,2019-08-16,08:31,53
5,2019-08-16,08:33,49
5,2019-08-16,08:35,53
5,2019-08-16,08:37,57
5,2019-08-16,08:39,51
5,2019-08-16,08:41,55
5,2019-08-16,08:43,52
5,2019-08-16,08:45,55
5,2019-08-16,08:47,51
5,2019-08-16,08:49,51
5,2019-08-16,08:51,49
5,2019-08-16,08:53,47
5,2019-08-16,08:55,50
5,2019-08-16,08:57,49
5,2019-08-16,08:59,51
5,2019-08-16,09:03,97
5,2019-08-16,09:05,48
5,2019-08-16,09:09,76
5,2019-08-16,09:39,49
5,2019-08-16,10:09,84
5,2019-08-16,10:39,111
5,2019-08-16,11:09,80
5,2019-08-16,11:39,69
5,2019-08-16,13:09,49
5,2019-08-16,13:39,72
5,2019-08-16,14:09,93
5,2019-08-16,14:39,97
5,2019-08-17,01:20,69
5,2019-08-17,01:22,62
5,2019-08-17,01:24,59
5,2019-08-17,01:26,59
5,2019-08-17,01:28,54
5,2019-08-17,01:46,49
5,2019-08-17,01:48,48
5,2019-08-17,01:50,51
5,2019-08-17,01:52,48
5,2019-08-17,01:54,48
5,2019-08-17,01:56,48
5,2019-08-17,01:58,51
5,2019-08-17,02:00,54
5,2019-08-17,02:02,52
5,2019-08-17,02:04,54
5,2019-08-17,02:06,52
5,2019-08-17,02:08,57
5,2019-08-17,02:10,49
5,2019-08-17,02:12,51
5,2019-08-17,02:14,55
5,2019-08-17,02:16,50
5,2019-08-17,02:18,54
5,2019-08-17,02:20,54
5,2019-08-17,02:22,56
5,2019-08-17,02:24,53
5,2019-08-17,02:26,53
5,2019-08-17,02:28,50
5,2019-08-17,02:30,54
5,2019-08-17,02:32,50
5,2019-08-17,02:34,53
5,2019-08-17,02:36,57
5,2019-08-17,02:38,72
5,2019-08-17,02:40,51
5,2019-08-17,02:42,54
5,2019-08-17,02:44,56
5,2019-08-17,02:46,59
5,2019-08-17,02:48,51
5,2019-08-17,02:50,52
5,2019-08-17,02:52,56
5,2019-08-17,02:54,50
5,2019-08-17,02:56,52
5,2019-08-17,02:58,47
5,2019-08-17,03:00,49
5,2019-08-17,03:04,50
5,2019-08-17,03:06,48
5,2019-08-17,03:08,47
5,2019-08-17,03:10,53
5,2019-08-17,03:12,51
5,2019-08-17,03:14,48
5,2019-08-17,03:18,48
5,2019-08-17,03:24,49
5,2019-08-17,03:26,51
5,2019-08-17,03:28,50
5,2019-08-17,03:30,48
5,2019-08-17,03:32,50
5,2019-08-17,03:34,53
5,2019-08-17,03:36,50
5,2019-08-17,03:38,52
5,2019-08-17,03:40,49
5,2019-08-17,03:42,50
5,2019-08-17,03:44,49
5,2019-08-17,03:46,47
5,2019-08-17,03:48,49
5,2019-08-17,03:50,48
5,2019-08-17,03:52,49
5,2019-08-17,03:56,48
5,2019-08-17,03:58,49
5,2019-08-17,04:00,50
5,2019-08-17,04:04,51
5,2019-08-17,04:06,51
5,2019-08-17,04:08,50
5,2019-08-17,04:10,48
5,2019-08-17,04:12,50
5,2019-08-17,04:14,53
5,2019-08-17,04:16,48
5,2019-08-17,04:18,47
5,2019-08-17,04:20,53
5,2019-08-17,04:22,48
5,2019-08-17,04:24,49
5,2019-08-17,04:28,47
5,2019-08-17,04:32,48
5,2019-08-17,04:34,59
5,2019-08-17,04:36,47
5,2019-08-17,04:38,48
5,2019-08-17,04:40,48
5,2019-08-17,04:42,51
5,2019-08-17,04:44,47
5,2019-08-17,04:46,47
5,2019-08-17,04:48,54
5,2019-08-17,04:50,50
5,2019-08-17,04:52,56
5,2019-08-17,04:54,52
5,2019-08-17,04:56,51
5,2019-08-17,04:58,51
5,2019-08-17,05:00,52
5,2019-08-17,05:02,53
5,2019-08-17,05:04,51
5,2019-08-17,05:06,51
5,2019-08-17,05:08,48
5,2019-08-17,05:10,48
5,2019-08-17,05:14,50
5,2019-08-17,05:16,52
5,2019-08-17,05:18,47
5,2019-08-17,05:20,49
5,2019-08-17,05:22,51
5,2019-08-17,05:24,77
5,2019-08-17,05:26,49
5,2019-08-17,05:30,49
5,2019-08-17,05:32,49
5,2019-08-17,05:34,49
5,2019-08-17,05:36,49
5,2019-08-17,05:38,47
5,2019-08-17,05:40,47
5,2019-08-17,05:42,51
5,2019-08-17,05:44,49
5,2019-08-17,05:46,79
5,2019-08-17,05:48,48
5,2019-08-17,05:52,48
5,2019-08-17,05:54,55
5,2019-08-17,05:56,48
5,2019-08-17,05:58,49
5,2019-08-17,06:02,51
5,2019-08-17,06:04,49
5,2019-08-17,06:06,48
5,2019-08-17,06:08,51
5,2019-08-17,06:10,51
5,2019-08-17,06:12,47
5,2019-08-17,06:14,48
5,2019-08-17,06:16,51
5,2019-08-17,06:18,50
5,2019-08-17,06:20,48
5,2019-08-17,06:22,49
5,2019-08-17,06:24,48
5,2019-08-17,06:26,49
5,2019-08-17,06:28,49
5,2019-08-17,06:30,47
5,2019-08-17,06:32,65
5,2019-08-17,06:34,54
5,2019-08-17,06:36,53
5,2019-08-17,06:38,48
5,2019-08-17,06:40,48
5,2019-08-17,06:44,50
5,2019-08-17,06:46,50
5,2019-08-17,06:48,53
5,2019-08-17,06:50,50
5,2019-08-17,06:52,51
5,2019-08-17,06:54,49
5,2019-08-17,06:56,55
5,2019-08-17,06:58,69
5,2019-08-17,07:00,52
5,2019-08-17,07:02,48
5,2019-08-17,07:04,48
5,2019-08-17,07:06,49
5,2019-08-17,07:08,48
5,2019-08-17,07:10,47
5,2019-08-17,07:12,49
5,2019-08-17,07:14,51
5,2019-08-17,07:16,48
5,2019-08-17,07:18,47
5,2019-08-17,07:20,47
5,2019-08-17,07:22,49
5,2019-08-17,07:24,48
5,2019-08-17,07:26,50
5,2019-08-17,07:30,50
5,2019-08-17,07:32,48
5,2019-08-17,07:34,48
5,2019-08-17,07:36,52
5,2019-08-17,07:38,47
5,2019-08-17,07:40,49
5,2019-08-17,07:42,47
5,2019-08-17,07:44,51
5,2019-08-17,07:46,48
5,2019-08-17,07:48,53
5,2019-08-17,07:50,48
5,2019-08-17,07:52,47
5,2019-08-17,07:54,47
5,2019-08-17,07:56,47
5,2019-08-17,07:58,47
5,2019-08-17,08:00,53
5,2019-08-17,08:02,48
5,2019-08-17,08:04,50
5,2019-08-17,08:06,53
5,2019-08-17,08:08,59
5,2019-08-17,08:10,65
5,2019-08-17,08:12,52
5,2019-08-17,08:14,48
5,2019-08-17,08:16,54
5,2019-08-17,08:18,64
5,2019-08-17,08:20,69
5,2019-08-17,08:22,48
5,2019-08-17,08:26,72
5,2019-08-17,08:28,47
5,2019-08-17,08:30,51
5,2019-08-17,08:32,52
5,2019-08-17,08:34,50
5,2019-08-17,08:36,47
5,2019-08-17,08:38,48
5,2019-08-17,08:40,49
5,2019-08-17,08:42,49
5,2019-08-17,08:44,51
5,2019-08-17,08:46,47
5,2019-08-17,08:48,74
5,2019-08-17,08:50,53
5,2019-08-17,08:52,51
5,2019-08-17,08:54,47
5,2019-08-17,08:56,53
5,2019-08-17,08:58,50
5,2019-08-17,09:00,51
5,2019-08-17,09:02,51
5,2019-08-17,09:04,47
5,2019-08-17,09:06,51
5,2019-08-17,09:12,52
5,2019-08-17,09:14,48
5,2019-08-17,09:16,47
5,2019-08-17,09:18,48
5,2019-08-17,09:20,49
5,2019-08-17,09:22,52
5,2019-08-17,09:24,47
5,2019-08-17,09:26,52
5,2019-08-17,09:28,50
5,2019-08-17,09:30,49
5,2019-08-17,09:32,49
5,2019-08-17,09:34,48
5,2019-08-17,09:36,51
5,2019-08-17,09:38,49
5,2019-08-17,09:40,51
5,2019-08-17,09:42,51
5,2019-08-17,09:44,49
5,2019-08-17,09:46,48
5,2019-08-17,09:48,51
5,2019-08-17,09:50,52
5,2019-08-17,09:52,49
5,2019-08-17,09:54,49
5,2019-08-17,09:56,50
5,2019-08-17,09:58,53
5,2019-08-17,10:00,50
5,2019-08-17,10:02,51
5,2019-08-17,10:04,51
5,2019-08-17,10:06,50
5,2019-08-17,10:08,52
5,2019-08-17,10:10,52
5,2019-08-17,10:12,49
5,2019-08-17,10:14,48
5,2019-08-17,10:16,53
5,2019-08-17,10:18,51
5,2019-08-17,10:20,65
5,2019-08-17,10:22,52
5,2019-08-17,10:24,52
5,2019-08-17,10:26,52
5,2019-08-17,10:30,71
5,2019-08-17,10:34,74
5,2019-08-17,19:21,81
5,2019-08-17,20:51,58
5,2019-08-17,23:21,66
5,2019-08-18,00:21,65
5,2019-08-18,00:51,83
5,2019-08-18,01:21,73
5,2019-08-18,01:31,71
5,2019-08-18,01:33,70
5,2019-08-18,01:35,78
5,2019-08-18,01:37,67
5,2019-08-18,01:39,73
5,2019-08-18,01:53,64
5,2019-08-18,01:55,64
5,2019-08-18,01:57,59
5,2019-08-18,01:59,63
5,2019-08-18,02:01,62
5,2019-08-18,02:03,64
5,2019-08-18,02:05,62
5,2019-08-18,02:07,66
5,2019-08-18,02:09,65
5,2019-08-18,02:11,63
5,2019-08-18,02:13,67
5,2019-08-18,02:15,60
5,2019-08-18,02:17,63
5,2019-08-18,02:19,68
5,2019-08-18,02:21,59
5,2019-08-18,02:23,63
5,2019-08-18,02:25,68
5,2019-08-18,02:27,64
5,2019-08-18,02:29,67
5,2019-08-18,02:31,64
5,2019-08-18,02:33,66
5,2019-08-18,02:35,65
5,2019-08-18,02:37,63
5,2019-08-18,02:39,57
5,2019-08-18,02:41,64
5,2019-08-18,02:43,68
5,2019-08-18,02:45,71
5,2019-08-18,02:47,70
5,2019-08-18,02:49,63
5,2019-08-18,02:51,67
5,2019-08-18,02:53,62
5,2019-08-18,02:55,68
5,2019-08-18,02:57,64
5,2019-08-18,02:59,70
5,2019-08-18,03:01,70
5,2019-08-18,03:03,69
5,2019-08-18,03:05,67
5,2019-08-18,03:07,72
5,2019-08-18,03:09,68
5,2019-08-18,03:11,72
5,2019-08-18,03:13,63
5,2019-08-18,03:15,70
5,2019-08-18,03:17,64
5,2019-08-18,03:19,69
5,2019-08-18,03:21,68
5,2019-08-18,03:23,57
5,2019-08-18,03:25,73
5,2019-08-18,03:27,60
5,2019-08-18,03:29,71
5,2019-08-18,03:31,68
5,2019-08-18,03:33,65
5,2019-08-18,03:35,65
5,2019-08-18,03:37,74
5,2019-08-18,03:39,60
5,2019-08-18,03:41,65
5,2019-08-18,03:43,67
5,2019-08-18,03:45,63
5,2019-08-18,03:47,65
5,2019-08-18,03:49,59
5,2019-08-18,03:51,63
5,2019-08-18,03:53,68
5,2019-08-18,03:55,63
5,2019-08-18,03:57,61
5,2019-08-18,03:59,60
5,2019-08-18,04:01,57
5,2019-08-18,04:03,56
5,2019-08-18,04:05,61
5,2019-08-18,04:07,66
5,2019-08-18,04:09,78
5,2019-08-18,04:11,63
5,2019-08-18,04:13,58
5,2019-08-18,04:15,67
5,2019-08-18,04:17,65
5,2019-08-18,04:19,64
5,2019-08-18,04:21,58
5,2019-08-18,04:23,47
5,2019-08-18,04:25,60
5,2019-08-18,04:27,88
5,2019-08-18,04:29,82
5,2019-08-18,04:31,70
5,2019-08-18,04:33,58
5,2019-08-18,04:35,63
5,2019-08-18,04:37,67
5,2019-08-18,04:39,53
5,2019-08-18,04:41,64
5,2019-08-18,04:43,59
5,2019-08-18,04:45,63
5,2019-08-18,04:47,57
5,2019-08-18,04:49,54
5,2019-08-18,04:51,74
5,2019-08-18,04:53,53
5,2019-08-18,04:55,53
5,2019-08-18,04:57,55
5,2019-08-18,04:59,71
5,2019-08-18,05:01,54
5,2019-08-18,05:03,58
5,2019-08-18,05:05,56
5,2019-08-18,05:07,52
5,2019-08-18,05:09,63
5,2019-08-18,05:11,57
5,2019-08-18,05:13,57
5,2019-08-18,05:15,53
5,2019-08-18,05:17,57
5,2019-08-18,05:19,58
5,2019-08-18,05:21,54
5,2019-08-18,05:23,52
5,2019-08-18,05:25,54
5,2019-08-18,05:27,55
5,2019-08-18,05:29,54
5,2019-08-18,05:31,55
5,2019-08-18,05:33,56
5,2019-08-18,05:35,57
5,2019-08-18,05:37,56
5,2019-08-18,05:39,58
5,2019-08-18,05:41,55
5,2019-08-18,05:43,56
5,2019-08-18,05:45,57
5,2019-08-18,05:47,63
5,2019-08-18,05:49,53
5,2019-08-18,05:51,53
5,2019-08-18,05:53,57
5,2019-08-18,05:55,56
5,2019-08-18,05:57,64
5,2019-08-18,05:59,55
5,2019-08-18,06:01,97
5,2019-08-18,06:03,64
5,2019-08-18,06:05,50
5,2019-08-18,06:07,56
5,2019-08-18,06:11,52
5,2019-08-18,06:13,52
5,2019-08-18,06:21,60
5,2019-08-18,06:23,69
5,2019-08-18,06:25,60
5,2019-08-18,06:27,60
5,2019-08-18,06:29,50
5,2019-08-18,06:31,52
5,2019-08-18,06:33,52
5,2019-08-18,06:35,63
5,2019-08-18,06:37,62
5,2019-08-18,06:39,62
5,2019-08-18,06:41,65
5,2019-08-18,06:43,58
5,2019-08-18,06:45,57
5,2019-08-18,06:49,54
5,2019-08-18,06:51,54
5,2019-08-18,06:53,51
5,2019-08-18,06:55,57
5,2019-08-18,06:57,57
5,2019-08-18,06:59,53
5,2019-08-18,07:01,54
5,2019-08-18,07:03,51
5,2019-08-18,07:05,56
5,2019-08-18,07:07,54
5,2019-08-18,07:09,58
5,2019-08-18,07:11,55
5,2019-08-18,07:13,56
5,2019-08-18,07:15,55
5,2019-08-18,07:17,54
5,2019-08-18,07:19,55
5,2019-08-18,07:21,57
5,2019-08-18,07:23,57
5,2019-08-18,07:25,55
5,2019-08-18,07:27,75
5,2019-08-18,07:29,55
5,2019-08-18,07:31,48
5,2019-08-18,07:33,57
5,2019-08-18,07:35,48
5,2019-08-18,07:37,53
5,2019-08-18,07:39,50
5,2019-08-18,07:41,56
5,2019-08-18,07:43,48
5,2019-08-18,07:45,52
5,2019-08-18,07:47,47
5,2019-08-18,07:49,53
5,2019-08-18,07:51,51
5,2019-08-18,07:53,51
5,2019-08-18,07:55,48
5,2019-08-18,07:57,49
5,2019-08-18,07:59,54
5,2019-08-18,08:01,56
5,2019-08-18,08:07,49
5,2019-08-18,08:09,55
5,2019-08-18,08:11,50
5,2019-08-18,08:13,53
5,2019-08-18,08:15,50
5,2019-08-18,08:17,51
5,2019-08-18,08:19,54
5,2019-08-18,08:21,53
5,2019-08-18,08:25,48
5,2019-08-18,08:29,55
5,2019-08-18,08:31,47
5,2019-08-18,08:33,51
5,2019-08-18,08:37,57
5,2019-08-18,08:41,55
5,2019-08-18,08:43,55
5,2019-08-18,08:45,54
5,2019-08-18,08:47,60
5,2019-08-18,08:49,68
5,2019-08-18,08:51,59
5,2019-08-18,08:53,63
5,2019-08-18,08:55,57
5,2019-08-18,08:57,58
5,2019-08-18,08:59,56
5,2019-08-18,09:01,59
5,2019-08-18,09:03,59
5,2019-08-18,09:05,57
5,2019-08-18,09:07,57
5,2019-08-18,09:09,58
5,2019-08-18,09:11,59
5,2019-08-18,09:13,59
5,2019-08-18,09:15,56
5,2019-08-18,09:17,62
5,2019-08-18,09:19,57
5,2019-08-18,09:21,56
5,2019-08-18,09:23,49
5,2019-08-18,09:25,53
5,2019-08-18,09:27,54
5,2019-08-18,09:29,60
5,2019-08-18,09:31,64
5,2019-08-18,09:33,59
5,2019-08-18,09:35,60
5,2019-08-18,09:37,50
5,2019-08-18,09:39,53
5,2019-08-18,09:41,59
5,2019-08-18,09:43,58
5,2019-08-18,09:45,55
5,2019-08-18,09:47,52
5,2019-08-18,09:51,57
5,2019-08-18,09:53,52
5,2019-08-18,09:57,67
5,2019-08-18,10:01,68
5,2019-08-18,10:03,58
5,2019-08-18,10:05,78
5,2019-08-18,10:07,55
5,2019-08-18,10:09,54
5,2019-08-18,10:11,51
5,2019-08-18,10:13,64
5,2019-08-18,10:15,60
5,2019-08-18,10:17,60
5,2019-08-18,10:19,57
5,2019-08-18,10:21,59
5,2019-08-18,10:23,62
5,2019-08-18,10:25,66
5,2019-08-18,10:27,65
5,2019-08-18,10:29,63
5,2019-08-18,10:31,60
5,2019-08-18,10:33,59
5,2019-08-18,10:35,62
5,2019-08-18,10:37,62
5,2019-08-18,10:39,63
5,2019-08-18,10:41,58
5,2019-08-18,10:43,60
5,2019-08-18,10:45,59
5,2019-08-18,10:47,60
5,2019-08-18,10:49,54
5,2019-08-18,10:51,59
5,2019-08-18,10:53,54
5,2019-08-18,10:55,58
5,2019-08-18,10:57,83
5,2019-08-18,10:59,76
5,2019-08-18,11:31,65
5,2019-08-18,12:01,62
5,2019-08-18,13:01,80
5,2019-08-18,13:31,115
5,2019-08-18,14:31,80
5,2019-08-18,15:01,76
5,2019-08-18,15:31,70
5,2019-08-18,16:01,88
5,2019-08-18,16:31,107
5,2019-08-18,17:01,85
5,2019-08-18,17:31,74
5,2019-08-18,18:01,81
5,2019-08-18,19:01,47
5,2019-08-18,19:31,81
5,2019-08-18,20:01,72
5,2019-08-18,20:31,74
5,2019-08-18,21:01,76
5,2019-08-18,22:01,77
5,2019-08-18,22:31,67
5,2019-08-18,23:01,87
5,2019-08-18,23:31,71
5,2019-08-19,00:01,66
5,2019-08-19,00:31,60
5,2019-08-19,01:01,68
5,2019-08-19,02:01,64
5,2019-08-19,02:19,60
5,2019-08-19,02:21,54
5,2019-08-19,02:23,54
5,2019-08-19,02:25,61
5,2019-08-19,02:27,61
5,2019-08-19,02:29,62
5,2019-08-19,02:31,58
5,2019-08-19,02:33,56
5,2019-08-19,02:35,61
5,2019-08-19,02:37,55
5,2019-08-19,02:39,62
5,2019-08-19,02:41,62
5,2019-08-19,02:45,60
5,2019-08-19,02:47,61
5,2019-08-19,02:49,58
5,2019-08-19,02:53,61
5,2019-08-19,02:55,59
5,2019-08-19,02:57,59
5,2019-08-19,02:59,59
5,2019-08-19,03:01,56
5,2019-08-19,03:03,63
5,2019-08-19,03:05,66
5,2019-08-19,03:07,66
5,2019-08-19,03:09,54
5,2019-08-19,03:11,52
5,2019-08-19,03:13,52
5,2019-08-19,03:15,55
5,2019-08-19,03:17,58
5,2019-08-19,03:19,55
5,2019-08-19,03:21,49
5,2019-08-19,03:23,85
5,2019-08-19,03:25,49
5,2019-08-19,03:27,53
5,2019-08-19,03:29,55
5,2019-08-19,03:31,54
5,2019-08-19,03:33,51
5,2019-08-19,03:35,54
5,2019-08-19,03:37,58
5,2019-08-19,03:39,53
5,2019-08-19,03:41,58
5,2019-08-19,03:43,54
5,2019-08-19,03:45,52
5,2019-08-19,03:47,55
5,2019-08-19,03:49,54
5,2019-08-19,03:51,57
5,2019-08-19,03:53,58
5,2019-08-19,03:55,56
5,2019-08-19,03:57,64
5,2019-08-19,03:59,52
5,2019-08-19,04:01,55
5,2019-08-19,04:03,57
5,2019-08-19,04:05,56
5,2019-08-19,04:07,53
5,2019-08-19,04:09,62
5,2019-08-19,04:11,56
5,2019-08-19,04:13,53
5,2019-08-19,04:15,54
5,2019-08-19,04:17,63
5,2019-08-19,04:19,56
5,2019-08-19,04:21,48
5,2019-08-19,04:23,49
5,2019-08-19,04:25,51
5,2019-08-19,04:27,50
5,2019-08-19,04:29,70
5,2019-08-19,04:31,49
5,2019-08-19,04:33,54
5,2019-08-19,04:35,49
5,2019-08-19,04:37,50
5,2019-08-19,04:39,52
5,2019-08-19,04:41,49
5,2019-08-19,04:43,48
5,2019-08-19,04:45,51
5,2019-08-19,04:47,92
5,2019-08-19,04:49,47
5,2019-08-19,04:51,51
5,2019-08-19,04:53,52
5,2019-08-19,04:55,48
5,2019-08-19,04:57,51
5,2019-08-19,04:59,51
5,2019-08-19,05:01,48
5,2019-08-19,05:03,47
5,2019-08-19,05:05,57
5,2019-08-19,05:07,48
5,2019-08-19,05:09,52
5,2019-08-19,05:11,50
5,2019-08-19,05:13,47
5,2019-08-19,05:15,57
5,2019-08-19,05:17,47
5,2019-08-19,05:19,65
5,2019-08-19,05:21,54
5,2019-08-19,05:23,52
5,2019-08-19,05:25,55
5,2019-08-19,05:27,49
5,2019-08-19,05:29,47
5,2019-08-19,05:31,56
5,2019-08-19,05:33,56
5,2019-08-19,05:35,51
5,2019-08-19,05:37,50
5,2019-08-19,05:39,54
5,2019-08-19,05:41,53
5,2019-08-19,05:43,53
5,2019-08-19,05:45,48
5,2019-08-19,05:47,53
5,2019-08-19,05:49,56
5,2019-08-19,05:51,55
5,2019-08-19,05:53,51
5,2019-08-19,05:55,48
5,2019-08-19,05:57,79
5,2019-08-19,05:59,49
5,2019-08-19,06:01,51
5,2019-08-19,06:03,53
5,2019-08-19,06:05,55
5,2019-08-19,06:07,85
5,2019-08-19,06:09,47
5,2019-08-19,06:11,51
5,2019-08-19,06:13,68
5,2019-08-19,06:15,49
5,2019-08-19,06:17,50
5,2019-08-19,06:19,49
5,2019-08-19,06:21,51
5,2019-08-19,06:23,55
5,2019-08-19,06:25,49
5,2019-08-19,06:27,51
5,2019-08-19,06:29,47
5,2019-08-19,06:31,47
5,2019-08-19,06:33,52
5,2019-08-19,06:37,55
5,2019-08-19,06:39,55
5,2019-08-19,06:41,56
5,2019-08-19,06:43,64
5,2019-08-19,06:45,54
5,2019-08-19,06:47,59
5,2019-08-19,06:49,51
5,2019-08-19,06:51,48
5,2019-08-19,06:53,66
5,2019-08-19,06:55,49
5,2019-08-19,06:57,52
5,2019-08-19,07:09,59
5,2019-08-19,07:13,58
5,2019-08-19,07:15,54
5,2019-08-19,07:17,62
5,2019-08-19,07:19,56
5,2019-08-19,07:21,58
5,2019-08-19,07:43,66
5,2019-08-19,07:45,50
5,2019-08-19,07:47,55
5,2019-08-19,07:49,52
5,2019-08-19,07:51,52
5,2019-08-19,07:53,59
5,2019-08-19,07:55,49
5,2019-08-19,07:57,57
5,2019-08-19,07:59,53
5,2019-08-19,08:01,55
5,2019-08-19,08:03,54
5,2019-08-19,08:05,50
5,2019-08-19,08:07,49
5,2019-08-19,08:09,51
5,2019-08-19,08:11,52
5,2019-08-19,08:13,55
5,2019-08-19,08:19,50
5,2019-08-19,08:21,50
5,2019-08-19,08:23,48
5,2019-08-19,08:59,60
5,2019-08-19,09:01,56
5,2019-08-19,09:03,58
5,2019-08-19,09:05,52
5,2019-08-19,09:07,56
5,2019-08-19,09:09,57
5,2019-08-19,09:11,53
5,2019-08-19,09:19,67
5,2019-08-19,10:19,60
5,2019-08-19,10:49,53
5,2019-08-19,11:18,100
5,2019-08-19,11:20,94
5,2019-08-19,11:24,51
5,2019-08-19,11:26,87
5,2019-08-19,11:34,58
5,2019-08-19,11:38,87
5,2019-08-19,11:40,82
5,2019-08-19,11:50,108
5,2019-08-19,11:52,99
5,2019-08-19,11:54,86
5,2019-08-19,11:56,92
5,2019-08-19,12:00,78
5,2019-08-19,17:00,59
5,2019-08-19,17:30,68
5,2019-08-19,18:00,54
5,2019-08-19,18:21,116
5,2019-08-19,18:25,68
5,2019-08-19,18:27,75
5,2019-08-19,18:29,90
5,2019-08-20,10:01,83
5,2019-08-20,10:31,88
5,2019-08-20,11:01,78
5,2019-08-20,11:31,71
5,2019-08-20,12:01,88
5,2019-08-20,12:31,84
5,2019-08-20,13:01,77
5,2019-08-20,13:29,63
5,2019-08-20,13:31,66
5,2019-08-20,13:33,64
5,2019-08-20,13:35,65
5,2019-08-20,13:37,64
5,2019-08-20,13:39,63
5,2019-08-20,13:41,67
5,2019-08-20,13:43,64
5,2019-08-20,13:45,64
5,2019-08-20,13:47,64
5,2019-08-20,14:05,61
5,2019-08-20,14:07,73
5,2019-08-20,14:25,81
5,2019-08-20,14:27,78
5,2019-08-20,14:29,64
5,2019-08-20,14:31,74
5,2019-08-20,14:33,65
5,2019-08-20,14:35,64
5,2019-08-20,14:37,59
5,2019-08-20,14:39,82
5,2019-08-20,14:41,62
5,2019-08-20,14:43,84
5,2019-08-20,15:17,70
5,2019-08-20,15:47,66
5,2019-08-20,16:17,66
5,2019-08-20,16:26,66
5,2019-08-20,16:47,70
5,2019-08-20,17:47,113
5,2019-08-20,18:17,66
5,2019-08-20,18:47,71
5,2019-08-20,19:42,68
5,2019-08-20,19:44,68
5,2019-08-20,19:46,63
5,2019-08-20,19:48,85
5,2019-08-20,19:50,68
5,2019-08-20,19:52,70
5,2019-08-20,19:56,69
5,2019-08-20,20:58,84
5,2019-08-20,21:28,73
5,2019-08-20,22:28,62
5,2019-08-20,22:58,88
5,2019-08-20,23:28,86
5,2019-08-21,00:28,55
5,2019-08-21,00:58,69
5,2019-08-21,01:28,57
5,2019-08-21,01:58,64
5,2019-08-21,02:14,70
5,2019-08-21,02:28,61
5,2019-08-21,02:47,55
5,2019-08-21,02:49,55
5,2019-08-21,02:51,52
5,2019-08-21,02:53,53
5,2019-08-21,02:55,53
5,2019-08-21,02:57,55
5,2019-08-21,02:59,55
5,2019-08-21,03:01,55
5,2019-08-21,03:03,57
5,2019-08-21,03:05,56
5,2019-08-21,03:07,57
5,2019-08-21,03:09,53
5,2019-08-21,03:11,95
5,2019-08-21,03:13,58
5,2019-08-21,03:15,58
5,2019-08-21,03:17,60
5,2019-08-21,03:19,52
5,2019-08-21,03:21,77
5,2019-08-21,03:23,52
5,2019-08-21,03:25,60
5,2019-08-21,03:27,58
5,2019-08-21,03:29,54
5,2019-08-21,03:31,61
5,2019-08-21,03:33,52
5,2019-08-21,03:35,52
5,2019-08-21,03:37,58
5,2019-08-21,03:39,62
5,2019-08-21,03:41,63
5,2019-08-21,03:43,65
5,2019-08-21,03:45,65
5,2019-08-21,03:47,58
5,2019-08-21,03:49,59
5,2019-08-21,03:51,60
5,2019-08-21,03:53,56
5,2019-08-21,03:55,59
5,2019-08-21,03:57,56
5,2019-08-21,03:59,58
5,2019-08-21,04:01,63
5,2019-08-21,04:03,55
5,2019-08-21,04:05,59
5,2019-08-21,04:07,56
5,2019-08-21,04:09,58
5,2019-08-21,04:11,57
5,2019-08-21,04:13,59
5,2019-08-21,04:15,58
5,2019-08-21,04:17,56
5,2019-08-21,04:19,52
5,2019-08-21,04:21,55
5,2019-08-21,04:23,57
5,2019-08-21,04:25,54
5,2019-08-21,04:27,59
5,2019-08-21,04:29,56
5,2019-08-21,04:31,55
5,2019-08-21,04:33,62
5,2019-08-21,04:35,55
5,2019-08-21,04:37,52
5,2019-08-21,05:03,57
5,2019-08-21,05:05,62
5,2019-08-21,05:09,60
5,2019-08-21,05:11,56
5,2019-08-21,05:13,58
5,2019-08-21,05:15,51
5,2019-08-21,05:17,48
5,2019-08-21,05:19,47
5,2019-08-21,05:21,49
5,2019-08-21,05:23,57
5,2019-08-21,05:25,47
5,2019-08-21,05:27,52
5,2019-08-21,05:29,51
5,2019-08-21,05:31,55
5,2019-08-21,05:33,47
5,2019-08-21,05:35,49
5,2019-08-21,05:37,56
5,2019-08-21,05:39,54
5,2019-08-21,05:41,53
5,2019-08-21,05:43,57
5,2019-08-21,05:45,51
5,2019-08-21,05:47,48
5,2019-08-21,05:51,62
5,2019-08-21,05:53,50
5,2019-08-21,05:55,52
5,2019-08-21,05:57,51
5,2019-08-21,05:59,52
5,2019-08-21,06:01,49
5,2019-08-21,06:03,55
5,2019-08-21,06:05,52
5,2019-08-21,06:07,53
5,2019-08-21,06:09,49
5,2019-08-21,06:11,54
5,2019-08-21,06:13,53
5,2019-08-21,06:15,62
5,2019-08-21,06:43,49
5,2019-08-21,06:45,51
5,2019-08-21,06:47,53
5,2019-08-21,06:49,48
5,2019-08-21,06:51,49
5,2019-08-21,07:14,54
5,2019-08-21,07:16,54
5,2019-08-21,07:18,52
5,2019-08-21,07:20,58
5,2019-08-21,07:22,48
5,2019-08-21,07:26,63
5,2019-08-21,07:28,60
5,2019-08-21,07:32,52
5,2019-08-21,07:34,61
5,2019-08-21,07:36,55
5,2019-08-21,07:38,52
5,2019-08-21,07:40,52
5,2019-08-21,07:42,56
5,2019-08-21,07:44,50
5,2019-08-21,07:46,50
5,2019-08-21,07:48,56
5,2019-08-21,07:50,53
5,2019-08-21,07:52,54
5,2019-08-21,07:56,52
5,2019-08-21,07:58,53
5,2019-08-21,08:00,53
5,2019-08-21,08:02,59
5,2019-08-21,08:04,56
5,2019-08-21,08:06,67
5,2019-08-21,08:10,48
5,2019-08-21,08:12,49
5,2019-08-21,08:56,49
5,2019-08-21,09:02,66
5,2019-08-21,09:34,54
5,2019-08-21,09:36,74
5,2019-08-21,09:38,56
5,2019-08-21,09:40,59
5,2019-08-21,09:42,100
5,2019-08-21,09:44,52
5,2019-08-21,09:46,58
5,2019-08-21,09:48,58
5,2019-08-21,09:50,72
5,2019-08-21,10:20,92
5,2019-08-21,17:49,75
5,2019-08-22,10:27,77
5,2019-08-22,10:57,55
5,2019-08-22,11:27,61
5,2019-08-23,10:57,65
5,2019-08-23,13:27,95
5,2019-08-23,13:57,76
5,2019-08-23,14:57,57
5,2019-08-24,11:29,64
5,2019-08-24,11:31,68
5,2019-08-24,11:33,64
5,2019-08-24,11:35,64
5,2019-08-24,12:09,64
5,2019-08-24,12:39,90
5,2019-08-24,14:09,74
5,2019-08-24,14:39,67
5,2019-08-24,15:09,79
5,2019-08-24,16:39,95
5,2019-08-24,17:09,63
5,2019-08-24,17:25,72
5,2019-08-24,17:27,70
5,2019-08-24,17:29,69
5,2019-08-24,17:31,75
5,2019-08-24,17:33,70
5,2019-08-24,17:35,70
5,2019-08-24,17:37,77
5,2019-08-24,17:39,74
5,2019-08-24,17:41,74
5,2019-08-24,17:43,71
5,2019-08-24,17:55,99
5,2019-08-24,18:25,87
5,2019-08-24,19:55,81
5,2019-08-24,20:55,59
5,2019-08-24,21:49,83
5,2019-08-26,06:27,54
5,2019-08-26,06:57,67
5,2019-08-26,07:57,80
5,2019-08-26,08:57,90
5,2019-08-26,09:27,92
5,2019-08-26,10:27,66
5,2019-08-26,11:57,73
5,2019-08-26,14:27,64
5,2019-08-26,15:57,88
5,2019-08-26,16:57,116
5,2019-08-26,17:27,101
5,2019-08-26,18:27,63
5,2019-08-26,19:05,108
5,2019-08-26,19:07,101
5,2019-08-26,19:09,94
5,2019-08-27,06:03,58
5,2019-08-27,06:07,67
5,2019-08-27,06:09,70
5,2019-08-27,06:39,58
5,2019-08-27,07:09,94
5,2019-08-27,07:39,65
5,2019-08-27,08:39,75
5,2019-08-27,09:39,94
5,2019-08-27,10:39,85
5,2019-08-27,11:09,102
5,2019-08-27,11:39,75
5,2019-08-27,12:09,85
5,2019-08-27,12:39,64
5,2019-08-27,13:09,51
5,2019-08-27,13:39,86
5,2019-08-27,14:09,85
5,2019-08-27,15:09,54
5,2019-08-27,15:39,86
5,2019-08-27,16:09,93
5,2019-08-27,16:39,53
5,2019-08-27,17:09,73
5,2019-08-27,17:39,89
5,2019-08-27,18:09,82
5,2019-08-27,18:39,89
5,2019-08-27,19:09,58
5,2019-08-27,20:49,114
5,2019-08-27,20:55,115
5,2019-08-27,20:59,116
5,2019-08-27,21:01,117
5,2019-08-27,21:03,115
5,2019-08-27,21:05,114
5,2019-08-27,21:07,113
5,2019-08-27,21:09,113
5,2019-08-27,21:11,114
5,2019-08-27,21:15,116
5,2019-08-28,06:55,79
5,2019-08-28,07:55,62
5,2019-08-28,10:25,48
5,2019-08-28,11:25,80
5,2019-08-28,12:25,106
5,2019-08-28,13:55,84
5,2019-08-28,15:55,70
5,2019-08-28,16:25,81
5,2019-08-28,16:55,75
5,2019-08-28,17:25,69
5,2019-08-28,17:55,56
5,2019-08-28,18:25,80
5,2019-08-29,06:08,51
5,2019-08-29,06:38,83
5,2019-08-29,08:38,74
5,2019-08-29,09:08,61
5,2019-08-29,09:38,60
5,2019-08-29,11:38,74
5,2019-08-29,13:38,107
5,2019-08-29,14:08,95
5,2019-08-29,15:08,93
5,2019-08-29,16:38,51
5,2019-08-29,17:38,86
5,2019-08-29,19:08,81
5,2019-08-29,19:38,107
5,2019-08-30,08:12,98
5,2019-08-30,08:42,71
5,2019-08-30,09:12,65
5,2019-08-30,10:42,71
5,2019-08-30,11:12,69
5,2019-08-30,13:12,62
5,2019-08-30,13:42,88
5,2019-08-30,17:42,73
5,2019-08-30,18:12,71
5,2019-08-30,18:42,83
5,2019-08-31,22:26,63
5,2019-08-31,22:27,90
5,2019-09-02,06:38,78
5,2019-09-02,07:38,74
5,2019-09-02,09:08,70
5,2019-09-02,09:38,65
5,2019-09-02,10:38,74
5,2019-09-02,11:38,72
5,2019-09-02,12:08,76
5,2019-09-02,13:38,99
5,2019-09-02,14:08,61
5,2019-09-02,14:38,78
5,2019-09-02,16:08,95
5,2019-09-02,16:38,88
5,2019-09-02,17:08,69
5,2019-09-02,17:38,63
5,2019-09-02,18:08,60
5,2019-09-03,06:18,58
5,2019-09-03,06:48,69
5,2019-09-03,08:48,54
5,2019-09-03,10:18,59
5,2019-09-03,11:18,78
5,2019-09-03,11:48,71
5,2019-09-03,13:48,86
5,2019-09-03,16:29,62
5,2019-09-03,16:59,58
5,2019-09-03,17:29,67
5,2019-09-03,18:29,56
5,2019-09-03,18:59,77
5,2019-09-04,06:18,53
5,2019-09-04,06:48,68
5,2019-09-04,09:48,60
5,2019-09-04,10:18,68
5,2019-09-04,11:18,60
5,2019-09-04,13:48,100
5,2019-09-04,14:18,107
5,2019-09-04,14:48,86
5,2019-09-04,15:48,99
5,2019-09-04,16:18,88
5,2019-09-04,22:38,54
5,2019-09-05,02:08,59
5,2019-09-05,02:38,62
5,2019-09-05,03:08,59
5,2019-09-05,03:11,58
5,2019-09-05,03:13,54
5,2019-09-05,03:15,61
5,2019-09-05,03:45,55
5,2019-09-05,05:45,60
5,2019-09-05,07:45,54
5,2019-09-05,08:15,86
5,2019-09-05,08:45,116
5,2019-09-05,10:15,65
5,2019-09-05,10:45,67
5,2019-09-05,12:15,109
5,2019-09-05,14:45,81
5,2019-09-05,16:15,53
5,2019-09-05,17:15,73
5,2019-09-05,20:15,57
5,2019-09-06,09:15,51
5,2019-09-06,10:15,73
5,2019-09-06,11:45,70
5,2019-09-06,13:15,82
5,2019-09-06,14:15,61
5,2019-09-06,14:45,104
5,2019-09-06,15:15,80
5,2019-09-06,15:28,80
5,2019-09-06,15:30,74
5,2019-09-06,15:32,72
5,2019-09-06,15:34,76
5,2019-09-06,15:36,75
5,2019-09-06,15:40,82
5,2019-09-06,15:42,83
5,2019-09-06,15:44,83
5,2019-09-06,15:46,78
5,2019-09-06,15:48,79
5,2019-09-06,15:50,69
5,2019-09-06,15:52,78
5,2019-09-06,15:54,76
5,2019-09-06,15:56,80
5,2019-09-06,16:00,77
5,2019-09-06,16:02,75
5,2019-09-06,16:04,77
5,2019-09-06,16:06,81
5,2019-09-06,16:08,81
5,2019-09-06,16:10,70
5,2019-09-06,16:12,76
5,2019-09-06,16:14,63
5,2019-09-06,16:16,69
5,2019-09-06,16:18,72
5,2019-09-06,16:20,73
5,2019-09-06,16:22,60
5,2019-09-06,16:24,61
5,2019-09-06,16:26,69
5,2019-09-06,16:28,67
5,2019-09-06,16:30,58
5,2019-09-06,16:32,61
5,2019-09-06,16:34,72
5,2019-09-06,16:36,69
5,2019-09-06,16:38,55
5,2019-09-06,16:40,58
5,2019-09-06,16:42,68
5,2019-09-06,16:44,64
5,2019-09-06,16:50,73
5,2019-09-06,16:52,93
5,2019-09-06,16:54,74
5,2019-09-06,16:56,74
5,2019-09-06,16:58,81
5,2019-09-06,17:00,73
5,2019-09-06,17:02,71
5,2019-09-06,17:04,76
5,2019-09-06,17:06,78
5,2019-09-06,17:08,71
5,2019-09-06,17:10,67
5,2019-09-06,17:12,74
5,2019-09-06,17:14,113
5,2019-09-06,17:16,62
5,2019-09-06,18:18,60
5,2019-09-06,18:48,87
5,2019-09-06,20:48,93
5,2019-09-06,21:48,96
5,2019-09-07,08:03,65
5,2019-09-07,08:11,63
5,2019-09-07,08:13,82
5,2019-09-07,08:15,81
5,2019-09-07,09:17,93
5,2019-09-07,09:47,68
5,2019-09-07,10:17,113
5,2019-09-07,12:17,76
5,2019-09-07,13:17,75
5,2019-09-07,13:47,113
5,2019-09-07,14:17,93
5,2019-09-07,15:17,92
5,2019-09-07,15:47,66
5,2019-09-07,16:47,91
5,2019-09-07,17:17,98
5,2019-09-07,18:47,70
5,2019-09-09,06:47,95
5,2019-09-09,07:47,92
5,2019-09-09,08:17,102
5,2019-09-09,10:47,86
5,2019-09-09,11:47,75
5,2019-09-09,12:47,75
5,2019-09-09,13:47,102
5,2019-09-09,14:17,97
5,2019-09-09,14:47,60
5,2019-09-09,17:17,111
5,2019-09-09,17:47,65
5,2019-09-09,18:17,92
5,2019-09-09,18:47,82
5,2019-09-10,06:48,73
5,2019-09-10,07:18,58
5,2019-09-10,07:48,72
5,2019-09-10,08:18,91
5,2019-09-10,11:18,73
5,2019-09-10,12:18,96
5,2019-09-10,12:48,51
5,2019-09-10,13:48,96
5,2019-09-10,14:48,94
5,2019-09-10,15:18,102
5,2019-09-10,17:48,98
5,2019-09-11,06:45,86
5,2019-09-11,07:15,64
5,2019-09-11,07:45,56
5,2019-09-11,08:15,68
5,2019-09-11,08:45,70
5,2019-09-11,09:15,106
5,2019-09-11,09:45,72
5,2019-09-11,11:45,72
5,2019-09-11,12:15,52
5,2019-09-11,12:45,95
5,2019-09-11,13:15,79
5,2019-09-11,14:15,106
5,2019-09-11,16:45,57
5,2019-09-11,17:45,74
5,2019-09-11,18:45,105
5,2019-09-12,05:47,72
5,2019-09-12,05:49,67
5,2019-09-12,05:51,60
5,2019-09-12,05:53,62
5,2019-09-12,05:55,66
5,2019-09-12,06:25,91
5,2019-09-12,06:55,67
5,2019-09-12,07:25,80
5,2019-09-12,08:25,85
5,2019-09-12,09:55,60
5,2019-09-12,10:25,90
5,2019-09-12,11:25,70
5,2019-09-12,11:55,68
5,2019-09-12,12:25,91
5,2019-09-12,14:55,114
5,2019-09-12,15:25,81
5,2019-09-12,16:25,82
5,2019-09-12,16:55,78
5,2019-09-12,17:25,92
5,2019-09-12,17:55,73
5,2019-09-12,18:55,57
5,2019-09-12,19:15,136
5,2019-09-12,19:17,127
5,2019-09-13,06:53,80
5,2019-09-13,07:23,65
5,2019-09-13,09:53,51
5,2019-09-13,10:53,87
5,2019-09-13,11:23,60
5,2019-09-13,12:23,56
5,2019-09-13,12:53,83
5,2019-09-13,13:23,107
5,2019-09-13,14:23,100
5,2019-09-13,16:53,64
5,2019-09-13,17:23,92
5,2019-09-13,17:53,66
5,2019-09-13,18:23,78
5,2019-09-13,18:53,90
5,2019-09-15,13:13,64
5,2019-09-15,15:13,126
5,2019-09-17,09:30,69
5,2019-09-17,10:30,62
5,2019-09-17,11:30,70
5,2019-09-17,12:00,72
5,2019-09-17,13:30,91
5,2019-09-17,14:30,106
5,2019-09-17,15:00,66
5,2019-09-18,07:22,88
5,2019-09-18,08:22,62
5,2019-09-18,09:22,76
5,2019-09-18,12:52,103
5,2019-09-18,13:22,95
5,2019-09-18,14:52,81
5,2019-09-18,16:52,85
5,2019-09-18,17:22,68
5,2019-09-19,08:52,63
5,2019-09-19,09:22,85
5,2019-09-19,10:22,73
5,2019-09-19,11:52,62
5,2019-09-19,12:22,75
5,2019-09-19,13:22,90
5,2019-09-19,15:52,81
5,2019-09-19,16:52,108
5,2019-09-19,17:22,98
5,2019-09-19,17:52,78
5,2019-09-19,18:22,87
5,2019-09-20,13:52,63
5,2019-09-20,15:52,73
5,2019-09-20,16:52,78
5,2019-09-20,21:52,134
5,2019-09-20,23:22,100
5,2019-09-22,17:52,55
5,2019-09-22,18:52,63
5,2019-09-23,10:52,92
5,2019-09-23,12:52,51
5,2019-09-23,13:52,63
5,2019-09-23,14:22,62
5,2019-09-23,14:52,94
5,2019-09-23,17:22,49
5,2019-09-23,17:44,102
5,2019-09-23,18:12,85
5,2019-09-23,19:12,123
5,2019-09-23,20:42,137
5,2019-09-24,12:12,134
5,2019-09-25,07:42,83
5,2019-09-25,09:12,74
5,2019-09-25,10:12,75
5,2019-09-25,10:42,62
5,2019-09-25,11:12,82
5,2019-09-25,11:42,90
5,2019-09-25,13:42,104
5,2019-09-25,15:42,77
5,2019-09-25,16:12,65
5,2019-09-25,17:12,91
5,2019-09-25,17:42,89
5,2019-09-25,18:42,148
5,2019-09-25,20:12,113
5,2019-09-25,21:12,118
5,2019-09-25,22:42,65
5,2019-09-26,07:42,92
5,2019-09-26,08:12,81
5,2019-09-26,08:42,70
5,2019-09-26,09:12,72
5,2019-09-26,10:42,67
5,2019-09-26,11:12,56
5,2019-09-26,11:42,67
5,2019-09-26,12:12,99
5,2019-09-26,13:42,60
5,2019-09-26,14:12,80
5,2019-09-26,15:12,65
5,2019-09-26,15:42,67
5,2019-09-26,16:12,71
5,2019-09-26,16:42,79
5,2019-09-26,17:42,70
5,2019-09-27,08:42,72
5,2019-09-27,09:12,51
5,2019-09-27,10:12,73
5,2019-09-27,10:42,79
5,2019-09-27,12:12,78
5,2019-09-27,12:42,64
5,2019-09-27,13:12,59
5,2019-09-27,14:42,107
5,2019-09-27,17:12,99
5,2019-09-27,17:42,88
5,2019-09-27,18:42,56
5,2019-09-27,18:47,75
5,2019-09-27,18:49,90
5,2019-09-27,18:51,94
5,2019-09-27,18:53,89
5,2019-09-27,18:55,87
5,2019-09-27,18:57,105
5,2019-09-27,18:59,113
5,2019-09-27,19:01,133
5,2019-09-27,19:03,134
5,2019-09-27,19:05,135
5,2019-09-27,19:07,109
5,2019-09-27,19:09,98
5,2019-09-27,19:11,101
5,2019-09-27,19:13,116
5,2019-09-27,19:15,138
5,2019-09-27,19:17,125
5,2019-09-27,19:19,143
5,2019-09-27,19:21,136
5,2019-09-27,19:23,147
5,2019-09-27,19:25,149
5,2019-09-27,19:27,135
5,2019-09-27,19:29,126
5,2019-09-27,19:31,146
5,2019-09-27,19:33,148
5,2019-09-27,19:35,149
5,2019-09-27,19:37,138
5,2019-09-27,19:39,127
5,2019-09-27,19:41,126
5,2019-09-27,19:43,138
5,2019-09-27,19:45,137
5,2019-09-27,19:47,138
5,2019-09-27,19:49,137
5,2019-09-27,19:51,138
5,2019-09-27,19:53,145
5,2019-09-27,19:55,149
5,2019-09-27,19:57,150
5,2019-09-27,19:59,147
5,2019-09-27,20:01,147
5,2019-09-27,20:03,149
5,2019-09-27,20:07,147
5,2019-09-27,20:09,135
5,2019-09-27,20:11,114
5,2019-09-27,20:13,125
5,2019-09-27,20:15,149
5,2019-09-27,20:19,137
5,2019-09-27,20:21,150
5,2019-09-27,20:23,143
5,2019-09-27,20:27,147
5,2019-09-27,20:29,133
5,2019-09-27,20:31,95
5,2019-09-27,20:33,94
5,2019-09-27,20:35,124
5,2019-09-27,20:37,134
5,2019-09-27,20:39,148
5,2019-09-27,20:41,138
5,2019-09-27,20:43,147
5,2019-09-27,20:45,150
5,2019-09-27,20:47,150
5,2019-09-27,20:49,124
5,2019-09-27,20:51,117
5,2019-09-27,20:53,117
5,2019-09-27,20:55,133
5,2019-09-27,20:57,124
5,2019-09-27,20:59,134
5,2019-09-27,21:01,128
5,2019-09-27,21:03,106
5,2019-09-27,21:05,83
5,2019-09-27,21:07,99
5,2019-09-27,21:09,126
5,2019-09-27,21:11,124
5,2019-09-27,21:13,122
5,2019-09-27,21:15,125
5,2019-09-27,21:17,128
5,2019-09-27,21:19,135
5,2019-09-27,21:21,128
5,2019-09-27,21:23,115
5,2019-09-27,21:25,133
5,2019-09-27,21:27,122
5,2019-09-27,21:29,123
5,2019-09-27,21:31,125
5,2019-09-27,21:33,124
5,2019-09-27,21:35,134
5,2019-09-27,21:37,128
5,2019-09-28,18:09,91
5,2019-09-28,19:09,68
5,2019-09-28,19:39,75
5,2019-09-28,20:39,61
5,2019-09-28,21:09,94
5,2019-09-28,21:39,105
5,2019-09-28,22:09,123
5,2019-09-28,22:39,99
5,2019-09-28,23:11,92
5,2019-09-29,00:09,58
5,2019-09-29,00:39,94
5,2019-09-29,06:39,126
5,2019-09-29,20:09,138
5,2019-09-29,20:39,125
5,2019-09-29,21:09,148
5,2019-09-29,21:39,137
5,2019-09-30,01:39,118
5,2019-09-30,06:39,76
5,2019-09-30,09:09,109
5,2019-09-30,09:39,97
5,2019-09-30,11:09,75
5,2019-09-30,13:09,100
5,2019-09-30,15:09,91
5,2019-09-30,17:39,72
5,2019-09-30,18:09,64
5,2019-09-30,19:09,57
5,2019-09-30,20:09,135
5,2019-09-30,20:39,99
5,2019-09-30,21:39,105
5,2019-09-30,22:09,127
5,2019-10-01,11:09,69
5,2019-10-01,11:39,98
5,2019-10-01,13:09,101
5,2019-10-01,13:39,112
5,2019-10-01,14:09,84
5,2019-10-01,15:09,71
5,2019-10-01,15:39,65
5,2019-10-01,17:09,63
5,2019-10-01,17:39,64
5,2019-10-03,09:09,100
5,2019-10-03,12:39,88
5,2019-10-03,15:09,113
5,2019-10-03,15:39,72
5,2019-10-03,16:39,74
5,2019-10-03,17:09,99
5,2019-10-03,17:39,102
5,2019-10-04,09:09,68
5,2019-10-04,09:39,84
5,2019-10-04,10:09,100
5,2019-10-04,12:09,79
5,2019-10-04,14:09,109
5,2019-10-04,15:09,108
5,2019-10-04,16:09,66
5,2019-10-04,17:09,100
5,2019-10-06,15:24,134
5,2019-10-06,15:26,125
5,2019-10-06,16:13,114
5,2019-10-06,16:15,113
5,2019-10-07,07:21,98
5,2019-10-07,07:51,115
5,2019-10-07,08:21,72
5,2019-10-07,08:51,96
5,2019-10-07,09:51,92
5,2019-10-07,10:51,72
5,2019-10-07,11:21,59
5,2019-10-07,11:51,77
5,2019-10-07,12:51,101
5,2019-10-07,14:51,89
5,2019-10-07,15:21,102
5,2019-10-07,15:51,105
5,2019-10-07,16:21,99
5,2019-10-07,16:51,98
5,2019-10-09,08:51,83
5,2019-10-09,09:21,85
5,2019-10-09,09:51,61
5,2019-10-09,10:21,63
5,2019-10-09,11:21,80
5,2019-10-09,11:51,66
5,2019-10-09,14:21,78
5,2019-10-09,15:51,62
5,2019-10-09,17:21,78
5,2019-10-10,07:51,85
5,2019-10-10,08:21,96
5,2019-10-10,09:21,74
5,2019-10-10,10:21,64
5,2019-10-10,10:51,79
5,2019-10-10,11:21,65
5,2019-10-10,11:51,63
5,2019-10-10,12:51,99
5,2019-10-10,13:21,65
5,2019-10-10,16:51,77
5,2019-10-10,17:21,75
5,2019-10-10,17:51,136
5,2019-10-10,17:57,114
5,2019-10-10,17:59,123
5,2019-10-10,18:01,143
5,2019-10-10,18:03,116
5,2019-10-10,18:05,107
5,2019-10-10,18:07,76
5,2019-10-10,19:57,136
5,2019-10-10,20:03,135
5,2019-10-10,20:05,106
5,2019-10-10,20:07,114
5,2019-10-10,20:09,109
5,2019-10-10,20:11,101
5,2019-10-10,20:13,113
5,2019-10-10,20:15,114
5,2019-10-10,20:17,95
5,2019-10-10,20:19,107
5,2019-10-10,20:21,108
5,2019-10-10,21:51,96
5,2019-10-11,09:21,75
5,2019-10-11,10:21,81
5,2019-10-11,10:51,71
5,2019-10-11,11:21,81
5,2019-10-11,12:51,63
5,2019-10-11,13:51,99
5,2019-10-11,14:21,83
5,2019-10-11,15:21,101
5,2019-10-11,15:51,68
5,2019-10-11,16:51,98
5,2019-10-11,17:21,68
5,2019-10-11,18:21,75
5,2019-10-12,08:51,102
5,2019-10-12,09:21,87
5,2019-10-12,10:21,91
5,2019-10-12,13:21,89
5,2019-10-12,13:51,82
5,2019-10-12,16:21,55
5,2019-10-12,16:51,53
5,2019-10-12,17:21,72
5,2019-10-12,19:21,95
5,2019-10-12,20:21,123
5,2019-10-13,10:51,86
5,2019-10-13,11:21,101
5,2019-10-13,11:51,65
5,2019-10-13,12:21,86
5,2019-10-13,13:51,86
5,2019-10-14,08:51,83
5,2019-10-14,10:51,88
5,2019-10-14,11:21,77
5,2019-10-14,11:51,80
5,2019-10-14,12:21,81
5,2019-10-14,13:51,67
5,2019-10-14,15:21,91
5,2019-10-14,16:51,87
5,2019-10-14,17:21,88
5,2019-10-14,17:51,79
5,2019-10-15,09:21,65
5,2019-10-15,09:51,52
5,2019-10-15,10:21,78
5,2019-10-15,11:51,62
5,2019-10-15,12:51,62
5,2019-10-15,14:51,101
5,2019-10-15,16:21,88
5,2019-10-15,16:51,67
5,2019-10-15,17:51,112
5,2019-10-16,07:21,67
5,2019-10-16,07:51,72
5,2019-10-16,09:21,71
5,2019-10-16,10:21,82
5,2019-10-16,10:51,63
5,2019-10-16,11:51,65
5,2019-10-16,13:21,60
5,2019-10-16,15:21,93
5,2019-10-16,18:51,84
5,2019-10-16,19:51,94
5,2019-10-17,10:51,73
5,2019-10-17,11:51,88
5,2019-10-17,13:21,94
5,2019-10-17,15:21,97
5,2019-10-17,16:21,64
5,2019-10-17,17:21,102
5,2019-10-17,17:51,97
5,2019-10-18,08:51,86
5,2019-10-18,10:21,75
5,2019-10-18,10:51,61
5,2019-10-18,11:21,69
5,2019-10-18,13:21,110
5,2019-10-18,13:51,49
5,2019-10-18,14:51,65
5,2019-10-18,15:51,91
5,2019-10-18,17:21,95
5,2019-10-20,14:21,127
5,2019-10-21,07:51,53
5,2019-10-21,08:51,53
5,2019-10-21,10:21,56
5,2019-10-21,11:21,62
5,2019-10-21,11:51,74
5,2019-10-21,12:51,69
5,2019-10-21,13:21,98
5,2019-10-21,13:51,100
5,2019-10-21,14:21,107
5,2019-10-21,16:51,95
5,2019-10-21,17:21,102
5,2019-10-21,17:51,52
5,2019-10-22,07:51,55
5,2019-10-22,08:21,78
5,2019-10-22,11:21,65
5,2019-10-22,11:51,74
5,2019-10-22,12:21,84
5,2019-10-22,12:51,78
5,2019-10-22,13:21,96
5,2019-10-22,14:21,81
5,2019-10-22,15:21,101
5,2019-10-22,16:10,117
5,2019-10-22,16:12,105
5,2019-10-22,16:14,102
5,2019-10-22,16:16,109
5,2019-10-22,16:18,95
5,2019-10-22,16:20,94
5,2019-10-22,16:22,101
5,2019-10-22,16:24,89
5,2019-10-22,16:26,101
5,2019-10-22,16:28,116
5,2019-10-22,16:30,123
5,2019-10-22,16:32,136
5,2019-10-22,16:34,150
5,2019-10-22,16:36,122
5,2019-10-22,16:38,94
5,2019-10-22,16:40,99
5,2019-10-22,16:42,87
5,2019-10-22,16:44,87
5,2019-10-22,16:46,124
5,2019-10-22,16:48,135
5,2019-10-22,16:50,117
5,2019-10-22,16:52,78
5,2019-10-22,16:54,69
5,2019-10-22,16:58,101
5,2019-10-22,18:38,94
5,2019-10-22,21:38,98
5,2019-10-22,22:08,100
5,2019-10-22,22:38,80
5,2019-10-22,23:08,99
5,2019-10-22,23:22,91
5,2019-10-27,20:55,77
5,2019-11-03,01:12,83
